latitude,longitude,elevation,utc_offset_seconds,timezone,timezone_abbreviation
18.375,105.75,4,25200,Asia/Bangkok,7
,,,,,
time,temperature_2m (Â°C),relative_humidity_2m (%),rain (mm),pressure_msl (hPa),
2024-08-06T18:00,31.6,67,0,1002.9,
2024-08-06T19:00,29.2,75,0,1003.7,
2024-08-06T20:00,28.6,78,0,1004.3,
2024-08-06T21:00,28.2,78,0,1004.9,
2024-08-06T22:00,27.9,77,0,1005.6,
2024-08-06T23:00,27.5,77,0,1005.8,
2024-08-07T00:00,27.1,78,0,1005.3,
2024-08-07T01:00,26.8,78,0,1005.1,
2024-08-07T02:00,26.4,78,0,1004.9,
2024-08-07T03:00,26.1,79,0,1004.8,
2024-08-07T04:00,25.8,79,0,1004.9,
2024-08-07T05:00,25.6,79,0,1005.1,
2024-08-07T06:00,25.9,80,0,1005.8,
2024-08-07T07:00,27.8,74,0,1006.1,
2024-08-07T08:00,29.9,67,0,1006.3,
2024-08-07T09:00,32.1,60,0,1006.4,
2024-08-07T10:00,33.5,55,0,1006.2,
2024-08-07T11:00,34.8,51,0,1005.6,
2024-08-07T12:00,35.9,48,0,1004.5,
2024-08-07T13:00,36.1,48,0,1003.8,
2024-08-07T14:00,36.7,46,0,1003,
2024-08-07T15:00,35.7,49,0,1002.8,
2024-08-07T16:00,31.8,62,0,1002.9,
2024-08-07T17:00,31.9,65,0,1003,
2024-08-07T18:00,30.9,73,0,1003.5,
2024-08-07T19:00,28.8,80,0,1004,
2024-08-07T20:00,28.2,84,0,1004.6,
2024-08-07T21:00,28.1,82,0,1005.3,
2024-08-07T22:00,27.7,80,0,1006,
2024-08-07T23:00,27.2,79,0,1006,
2024-08-08T00:00,26.8,80,0,1005.5,
2024-08-08T01:00,26.6,79,0,1005.2,
2024-08-08T02:00,26.3,80,0,1004.9,
2024-08-08T03:00,26,81,0,1005,
2024-08-08T04:00,25.8,81,0,1005.3,
2024-08-08T05:00,25.7,81,0,1005.4,
2024-08-08T06:00,25.9,82,0,1005.6,
2024-08-08T07:00,27.8,76,0,1006.3,
2024-08-08T08:00,29.9,69,0,1006.5,
2024-08-08T09:00,31.7,63,0,1006.6,
2024-08-08T10:00,33.2,58,0,1006.2,
2024-08-08T11:00,34.5,54,0,1005.6,
2024-08-08T12:00,35.4,51,0,1004.4,
2024-08-08T13:00,36.5,46,0,1003.8,
2024-08-08T14:00,37.7,42,0,1003,
2024-08-08T15:00,37.6,42,0,1002.6,
2024-08-08T16:00,36.7,46,0,1002.5,
2024-08-08T17:00,34.8,58,0,1002.6,
2024-08-08T18:00,32.8,64,0,1003,
2024-08-08T19:00,30.8,66,0,1003.4,
2024-08-08T20:00,29.8,68,0,1004.1,
2024-08-08T21:00,28.9,71,0,1004.7,
2024-08-08T22:00,28.2,73,0,1005.2,
2024-08-08T23:00,27.8,74,0,1005.4,
2024-08-09T00:00,27.4,75,0,1004.8,
2024-08-09T01:00,27,76,0,1004.3,
2024-08-09T02:00,26.7,76,0,1003.8,
2024-08-09T03:00,26.4,77,0,1003.3,
2024-08-09T04:00,26.1,78,0,1003.2,
2024-08-09T05:00,26,78,0,1003.4,
2024-08-09T06:00,26.2,80,0,1003.8,
2024-08-09T07:00,28.2,73,0,1004.3,
2024-08-09T08:00,30.2,67,0,1004.5,
2024-08-09T09:00,32.2,61,0,1004.5,
2024-08-09T10:00,34.1,54,0,1004.3,
2024-08-09T11:00,35.8,49,0,1003.9,
2024-08-09T12:00,37.1,45,0,1003,
2024-08-09T13:00,38.3,42,0,1002.1,
2024-08-09T14:00,39.2,38,0,1001.3,
2024-08-09T15:00,38.9,37,0,1000.6,
2024-08-09T16:00,37.9,41,0,1000.2,
2024-08-09T17:00,35.8,51,0,1000.1,
2024-08-09T18:00,32.2,63,0,1000.3,
2024-08-09T19:00,30.7,63,0,1000.9,
2024-08-09T20:00,29.6,67,0,1001.8,
2024-08-09T21:00,28.9,69,0,1002.6,
2024-08-09T22:00,28.3,71,0,1003.3,
2024-08-09T23:00,27.9,73,0,1003.1,
2024-08-10T00:00,27.5,75,0,1002.7,
2024-08-10T01:00,27.3,76,0,1002.1,
2024-08-10T02:00,27.1,77,0,1001.7,
2024-08-10T03:00,27.4,87,0,1002.1,
2024-08-10T04:00,27.3,86,0,1002.1,
2024-08-10T05:00,27.5,85,0,1002.4,
2024-08-10T06:00,27.5,85,0,1002.7,
2024-08-10T07:00,29.5,83,0,1003.3,
2024-08-10T08:00,32.6,65,0,1003.4,
2024-08-10T09:00,34.1,60,0,1003.4,
2024-08-10T10:00,35.5,56,0,1003.1,
2024-08-10T11:00,37,51,0,1002.1,
2024-08-10T12:00,38.2,46,0,1001.1,
2024-08-10T13:00,38.7,45,0,1001,
2024-08-10T14:00,38.9,43,0,1000,
2024-08-10T15:00,38.6,41,0,999.8,
2024-08-10T16:00,37.8,44,0,999.1,
2024-08-10T17:00,37.1,46,0,999,
2024-08-10T18:00,35.6,51,0,999.2,
2024-08-10T19:00,32.8,70,0,1000.1,
2024-08-10T20:00,31.4,75,0,1000.6,
2024-08-10T21:00,30.5,77,0,1001.1,
2024-08-10T22:00,30,76,0,1001.3,
2024-08-10T23:00,29.5,78,0,1001.3,
2024-08-11T00:00,29.2,79,0,1000.8,
2024-08-11T01:00,28.8,82,0,1000.3,
2024-08-11T02:00,28.6,83,0,1000.1,
2024-08-11T03:00,28.5,85,0,1000.1,
2024-08-11T04:00,28.2,86,0,1000,
2024-08-11T05:00,28.2,86,0,1000.1,
2024-08-11T06:00,28,88,0,1000.7,
2024-08-11T07:00,29.8,87,0,1001.5,
2024-08-11T08:00,32.5,69,0,1001.8,
2024-08-11T09:00,33.8,64,0,1001.7,
2024-08-11T10:00,35.1,60,0,1001.2,
2024-08-11T11:00,36.6,54,0,1000.4,
2024-08-11T12:00,38,48,0,999.7,
2024-08-11T13:00,38.1,46,0,1000.1,
2024-08-11T14:00,38,45,0,999.5,
2024-08-11T15:00,32.9,65,0,1000.2,
2024-08-11T16:00,31.9,73,0,999.6,
2024-08-11T17:00,31.4,74,0,1000,
2024-08-11T18:00,30.3,77,0,1000.4,
2024-08-11T19:00,30,80,0,1001.2,
2024-08-11T20:00,29.2,85,0,1002.1,
2024-08-11T21:00,29,87,0,1002.6,
2024-08-11T22:00,29,88,0,1002.4,
2024-08-11T23:00,28.8,89,0,1002.2,
2024-08-12T00:00,28.6,90,0,1001.8,
2024-08-12T01:00,27.9,95,0,1001.6,
2024-08-12T02:00,27.7,95,0,1001,
2024-08-12T03:00,27.6,95,0,1000.7,
2024-08-12T04:00,27.6,94,0,1000.7,
2024-08-12T05:00,27.5,94,0,1000.8,
2024-08-12T06:00,27.5,93,0,1001.3,
2024-08-12T07:00,28.4,90,0,1002,
2024-08-12T08:00,29.8,83,0,1002.5,
2024-08-12T09:00,31.1,77,0,1002.4,
2024-08-12T10:00,32.7,70,0,1002.4,
2024-08-12T11:00,33.5,65,0,1002.1,
2024-08-12T12:00,33.8,64,0,1001.4,
2024-08-12T13:00,33.9,62,0,1001,
2024-08-12T14:00,33.9,63,0,1000.7,
2024-08-12T15:00,33.3,69,0,1000.2,
2024-08-12T16:00,32.3,75,0,999.7,
2024-08-12T17:00,31.9,76,0,1000.2,
2024-08-12T18:00,31.6,77,0,1000.8,
2024-08-12T19:00,31.4,75,0,1001.8,
2024-08-12T20:00,30.8,78,0,1002.3,
2024-08-12T21:00,29.7,83,0,1003.1,
2024-08-12T22:00,29,84,0,1003.5,
2024-08-12T23:00,28.4,83,0,1003.3,
2024-08-13T00:00,28,83,0,1003,
2024-08-13T01:00,27.9,79,0,1002.9,
2024-08-13T02:00,27.5,80,0,1002.4,
2024-08-13T03:00,27.2,82,0,1002.6,
2024-08-13T04:00,26.8,85,0,1002.5,
2024-08-13T05:00,26.5,87,0,1002.9,
2024-08-13T06:00,26.2,89,0,1003.3,
2024-08-13T07:00,28.1,85,0,1003.8,
2024-08-13T08:00,30.8,69,0,1004.3,
2024-08-13T09:00,32.5,64,0,1004.4,
2024-08-13T10:00,34,58,0,1004.1,
2024-08-13T11:00,35.3,52,0,1003.9,
2024-08-13T12:00,36.2,49,0,1003.3,
2024-08-13T13:00,36.6,47,0,1003.2,
2024-08-13T14:00,36.7,47,0,1002.2,
2024-08-13T15:00,35.9,51,0,1001.7,
2024-08-13T16:00,33.3,63,0,1001.9,
2024-08-13T17:00,32.6,68,0,1002.7,
2024-08-13T18:00,32.1,70,0,1003.4,
2024-08-13T19:00,31.4,78,0,1003.6,
2024-08-13T20:00,30.9,82,0,1004.7,
2024-08-13T21:00,30.8,82,0,1005.5,
2024-08-13T22:00,29.9,88,0,1006.2,
2024-08-13T23:00,29.2,92,0,1006,
2024-08-14T00:00,28.8,94,0,1005.6,
2024-08-14T01:00,28.5,89,0,1004.7,
2024-08-14T02:00,28,90,0,1004.5,
2024-08-14T03:00,27.6,92,0,1004.5,
2024-08-14T04:00,27.2,94,0,1004.6,
2024-08-14T05:00,26.9,95,0,1004.6,
2024-08-14T06:00,26.8,95,0,1004.8,
2024-08-14T07:00,28,93,0,1005.6,
2024-08-14T08:00,30.6,74,0,1005.9,
2024-08-14T09:00,32,69,0,1006.2,
2024-08-14T10:00,32.7,64,0,1005.8,
2024-08-14T11:00,33.6,59,0,1005.5,
2024-08-14T12:00,34.4,56,0,1005,
2024-08-14T13:00,35.3,55,0,1004.8,
2024-08-14T14:00,34.1,64,0,1004.2,
2024-08-14T15:00,34.2,62,0,1003.2,
2024-08-14T16:00,33.8,62,0,1002.9,
2024-08-14T17:00,32.8,67,0,1003.1,
2024-08-14T18:00,32.2,69,0,1003.6,
2024-08-14T19:00,31.5,77,0,1003.5,
2024-08-14T20:00,30.8,81,0,1004.7,
2024-08-14T21:00,30.6,83,0,1005.5,
2024-08-14T22:00,29.9,85,0,1006.6,
2024-08-14T23:00,29.3,86,0,1006.3,
2024-08-15T00:00,28.5,88,0,1005.9,
2024-08-15T01:00,28.4,89,0,1005.3,
2024-08-15T02:00,28.1,91,0,1004.8,
2024-08-15T03:00,27.8,92,0,1004.4,
2024-08-15T04:00,27.6,93,0,1004.5,
2024-08-15T05:00,27.3,95,0,1004.3,
2024-08-15T06:00,27.1,96,0,1004.7,
2024-08-15T07:00,28.3,91,0,1005.6,
2024-08-15T08:00,29.8,86,0,1006,
2024-08-15T09:00,31.8,78,0,1006.1,
2024-08-15T10:00,33.9,63,0,1005.1,
2024-08-15T11:00,35.3,55,0,1004.7,
2024-08-15T12:00,36.1,51,0,1003.9,
2024-08-15T13:00,33.8,68,0,1003.9,
2024-08-15T14:00,32.5,73,0,1003.4,
2024-08-15T15:00,33,71,0,1002.9,
2024-08-15T16:00,33.2,70,0,1002.1,
2024-08-15T17:00,32.4,72,0,1002.3,
2024-08-15T18:00,31.6,76,0,1002.7,
2024-08-15T19:00,30.3,84,0,1003.4,
2024-08-15T20:00,29.7,86,0,1003.7,
2024-08-15T21:00,29.4,88,0,1004.4,
2024-08-15T22:00,29.2,91,0,1004.8,
2024-08-15T23:00,29.1,92,0,1004.9,
2024-08-16T00:00,28.9,92,0,1004.4,
2024-08-16T01:00,28.9,94,0,1004,
2024-08-16T02:00,28.6,95,0,1003.7,
2024-08-16T03:00,28.3,95,0,1003.7,
2024-08-16T04:00,28.1,96,0,1003.4,
2024-08-16T05:00,27.9,96,0,1003.4,
2024-08-16T06:00,27.8,97,0,1003.7,
2024-08-16T07:00,28.8,95,0,1004.4,
2024-08-16T08:00,29.9,89,0,1005,
2024-08-16T09:00,30.7,84,0,1005.2,
2024-08-16T10:00,31.4,81,0,1004.9,
2024-08-16T11:00,31.9,78,0,1004.6,
2024-08-16T12:00,32.2,76,0,1004.2,
2024-08-16T13:00,32.9,74,0,1003.6,
2024-08-16T14:00,32,76,0,1002.9,
2024-08-16T15:00,31.9,77,0,1002.4,
2024-08-16T16:00,31.8,76,0,1002.4,
2024-08-16T17:00,31.3,78,0,1002.9,
2024-08-16T18:00,30.4,83,0,1003.3,
2024-08-16T19:00,30.2,87,0,1003.9,
2024-08-16T20:00,29.5,86,0,1004.8,
2024-08-16T21:00,29,88,0,1005.3,
2024-08-16T22:00,28.7,89,0,1006,
2024-08-16T23:00,28.5,90,0,1005.7,
2024-08-17T00:00,28.4,91,0,1005,
2024-08-17T01:00,28,94,0,1005.2,
2024-08-17T02:00,27.7,94,0,1005,
2024-08-17T03:00,27.6,94,0,1005.2,
2024-08-17T04:00,27.3,94,0,1005.5,
2024-08-17T05:00,27.1,95,0,1005.3,
2024-08-17T06:00,27,96,0,1005.6,
2024-08-17T07:00,27.8,93,0,1005.9,
2024-08-17T08:00,29.2,88,0,1006.3,
2024-08-17T09:00,30.8,83,0,1006.6,
2024-08-17T10:00,32.2,74,0,1006.3,
2024-08-17T11:00,33.4,65,0,1005.8,
2024-08-17T12:00,34.3,59,0,1004.9,
2024-08-17T13:00,34.4,60,0,1005.3,
2024-08-17T14:00,34.4,62,0,1004.5,
2024-08-17T15:00,32.3,73,0,1004.1,
2024-08-17T16:00,32.5,74,0,1004,
2024-08-17T17:00,32.4,73,0,1004.3,
2024-08-17T18:00,31.5,75,0,1004.9,
2024-08-17T19:00,31,80,0,1005.2,
2024-08-17T20:00,30.3,84,0,1005.8,
2024-08-17T21:00,30.1,85,0,1006.4,
2024-08-17T22:00,29.3,90,0,1007.2,
2024-08-17T23:00,28.8,94,0,1007,
2024-08-18T00:00,28.6,93,0,1006.4,
2024-08-18T01:00,28.3,89,0,1006,
2024-08-18T02:00,27.8,89,0,1005.5,
2024-08-18T03:00,27.4,90,0,1005.9,
2024-08-18T04:00,27,90,0,1005.8,
2024-08-18T05:00,26.7,91,0,1006,
2024-08-18T06:00,26.5,92,0,1005.6,
2024-08-18T07:00,28,87,0,1006.5,
2024-08-18T08:00,30.9,70,0,1007,
2024-08-18T09:00,32.4,65,0,1007.1,
2024-08-18T10:00,33.7,58,0,1006.5,
2024-08-18T11:00,34.8,53,0,1005.9,
2024-08-18T12:00,36,49,0,1005.3,
2024-08-18T13:00,36.8,47,0,1004.6,
2024-08-18T14:00,36.9,48,0,1003.6,
2024-08-18T15:00,37,48,0,1002.8,
2024-08-18T16:00,33.7,60,0,1003.2,
2024-08-18T17:00,32,67,0,1003.7,
2024-08-18T18:00,31.4,69,0,1003.8,
2024-08-18T19:00,31.2,74,0,1004.4,
2024-08-18T20:00,30.7,79,0,1004.8,
2024-08-18T21:00,30.7,81,0,1006,
2024-08-18T22:00,30.6,82,0,1005.9,
2024-08-18T23:00,30.1,84,0,1006,
2024-08-19T00:00,29.4,88,0,1005.3,
2024-08-19T01:00,28.9,91,0,1005.2,
2024-08-19T02:00,28.5,92,0,1004.4,
2024-08-19T03:00,28.2,91,0,1004.1,
2024-08-19T04:00,28,89,0,1003.9,
2024-08-19T05:00,27.7,87,0,1003.6,
2024-08-19T06:00,27.5,88,0,1004.2,
2024-08-19T07:00,28.5,86,0,1004.9,
2024-08-19T08:00,31.4,70,0,1005.4,
2024-08-19T09:00,32.8,63,0,1005.8,
2024-08-19T10:00,33.9,58,0,1005,
2024-08-19T11:00,34.9,55,0,1004.2,
2024-08-19T12:00,35.8,52,0,1003.2,
2024-08-19T13:00,35.1,55,0,1003.9,
2024-08-19T14:00,35.5,53,0,1003.1,
2024-08-19T15:00,35.3,54,0,1002.7,
2024-08-19T16:00,35,54,0,1002.1,
2024-08-19T17:00,34.5,57,0,1002,
2024-08-19T18:00,33.2,66,0,1002.4,
2024-08-19T19:00,31.9,76,0,1003.1,
2024-08-19T20:00,30.8,82,0,1004.4,
2024-08-19T21:00,30.2,83,0,1005.5,
2024-08-19T22:00,29.6,81,0,1005.8,
2024-08-19T23:00,29.1,79,0,1005.4,
2024-08-20T00:00,28.6,79,0,1005,
2024-08-20T01:00,27.6,79,0,1005,
2024-08-20T02:00,27.3,78,0,1004.5,
2024-08-20T03:00,27,80,0,1004.2,
2024-08-20T04:00,26.6,83,0,1004,
2024-08-20T05:00,26.4,84,0,1004.2,
2024-08-20T06:00,26.4,85,0,1004.3,
2024-08-20T07:00,27.7,85,0,1005.3,
2024-08-20T08:00,30.4,73,0,1005.7,
2024-08-20T09:00,32,68,0,1006.2,
2024-08-20T10:00,33.5,61,0,1005.7,
2024-08-20T11:00,34.6,56,0,1005,
2024-08-20T12:00,35.9,51,0,1004.5,
2024-08-20T13:00,35.8,51,0,1004.3,
2024-08-20T14:00,36.3,50,0,1003.4,
2024-08-20T15:00,36.3,51,0,1002.9,
2024-08-20T16:00,34.5,57,0,1003,
2024-08-20T17:00,32.8,63,0,1003.3,
2024-08-20T18:00,32.5,66,0,1003.7,
2024-08-20T19:00,32.5,68,0,1004,
2024-08-20T20:00,31.2,73,0,1005.1,
2024-08-20T21:00,30.1,77,0,1006.2,
2024-08-20T22:00,29.5,75,0,1006.7,
2024-08-20T23:00,28.8,77,0,1006.6,
2024-08-21T00:00,28,80,0,1006.4,
2024-08-21T01:00,27.5,79,0,1006.2,
2024-08-21T02:00,27.2,80,0,1005.8,
2024-08-21T03:00,27,82,0,1005.8,
2024-08-21T04:00,26.7,84,0,1005.7,
2024-08-21T05:00,26.6,86,0,1005.8,
2024-08-21T06:00,26.6,88,0,1005.8,
2024-08-21T07:00,28.1,84,0,1006.2,
2024-08-21T08:00,30.8,69,0,1006.7,
2024-08-21T09:00,32.1,64,0,1007,
2024-08-21T10:00,33.6,59,0,1006.6,
2024-08-21T11:00,35.5,51,0,1006,
2024-08-21T12:00,36.5,47,0,1005.4,
2024-08-21T13:00,37,46,0,1005.3,
2024-08-21T14:00,37.2,45,0,1004.4,
2024-08-21T15:00,36.8,46,0,1003.8,
2024-08-21T16:00,34.1,60,0,1003.7,
2024-08-21T17:00,32.8,71,0,1004,
2024-08-21T18:00,32.4,71,0,1004.6,
2024-08-21T19:00,32.5,72,0,1005.2,
2024-08-21T20:00,31.2,78,0,1006.3,
2024-08-21T21:00,30.2,77,0,1007.2,
2024-08-21T22:00,29.9,69,0,1007.8,
2024-08-21T23:00,29.3,69,0,1007.5,
2024-08-22T00:00,28.9,73,0,1007.2,
2024-08-22T01:00,28.1,77,0,1007.1,
2024-08-22T02:00,27.8,78,0,1006.9,
2024-08-22T03:00,27.6,80,0,1006.3,
2024-08-22T04:00,27.4,82,0,1006.2,
2024-08-22T05:00,27.1,84,0,1006.1,
2024-08-22T06:00,26.9,86,0,1006.5,
2024-08-22T07:00,28.3,85,0,1007.3,
2024-08-22T08:00,30.7,72,0,1008,
2024-08-22T09:00,32.5,65,0,1008.5,
2024-08-22T10:00,34.1,56,0,1008.3,
2024-08-22T11:00,35.4,50,0,1007.7,
2024-08-22T12:00,36.7,45,0,1007.1,
2024-08-22T13:00,37.3,43,0,1006.3,
2024-08-22T14:00,38.1,40,0,1005.4,
2024-08-22T15:00,35.1,59,0,1005,
2024-08-22T16:00,34.2,61,0,1004.6,
2024-08-22T17:00,33.3,65,0,1004.6,
2024-08-22T18:00,32.4,70,0,1005.4,
2024-08-22T19:00,31.6,77,0,1006.1,
2024-08-22T20:00,31.1,80,0,1007.2,
2024-08-22T21:00,30.8,82,0,1008.3,
2024-08-22T22:00,30.4,83,0,1008.7,
2024-08-22T23:00,29.9,85,0,1008.6,
2024-08-23T00:00,29.5,87,0,1008.4,
2024-08-23T01:00,29,86,0,1008.3,
2024-08-23T02:00,28.5,87,0,1007.6,
2024-08-23T03:00,28.2,87,0,1007.5,
2024-08-23T04:00,28,87,0,1007.2,
2024-08-23T05:00,27.8,88,0,1007.5,
2024-08-23T06:00,27.7,88,0,1007.7,
2024-08-23T07:00,28.5,90,0,1008.9,
2024-08-23T08:00,30.7,78,0,1009.1,
2024-08-23T09:00,32.3,70,0,1009.7,
2024-08-23T10:00,33.7,61,0,1009.5,
2024-08-23T11:00,34.9,53,0,1009.1,
2024-08-23T12:00,35.7,49,0,1008.6,
2024-08-23T13:00,35.3,53,0,1007.8,
2024-08-23T14:00,35.5,52,0,1007.2,
2024-08-23T15:00,33.5,61,0,1007,
2024-08-23T16:00,33,64,0,1006.6,
2024-08-23T17:00,32.4,66,0,1006.8,
2024-08-23T18:00,30.8,75,0,1007.1,
2024-08-23T19:00,29.9,78,0,1008,
2024-08-23T20:00,29.3,81,0,1008.7,
2024-08-23T21:00,28.9,83,0,1009.8,
2024-08-23T22:00,28.6,86,0,1010.2,
2024-08-23T23:00,28.3,88,0,1010,
2024-08-24T00:00,28.2,90,0,1009.5,
2024-08-24T01:00,27.5,93,0,1008.9,
2024-08-24T02:00,27.2,94,0,1008.1,
2024-08-24T03:00,27,95,0,1007.8,
2024-08-24T04:00,27,95,0,1007.9,
2024-08-24T05:00,27,94,0,1008,
2024-08-24T06:00,26.9,94,0,1008.3,
2024-08-24T07:00,27.8,92,0,1008.9,
2024-08-24T08:00,29.2,85,0,1009.4,
2024-08-24T09:00,30.7,80,0,1009.8,
2024-08-24T10:00,31.9,72,0,1009.6,
2024-08-24T11:00,33.3,63,0,1009.4,
2024-08-24T12:00,34.3,58,0,1008.4,
2024-08-24T13:00,34.9,58,0,1007.3,
2024-08-24T14:00,34.4,60,0,1006.2,
2024-08-24T15:00,34.1,59,0,1005.6,
2024-08-24T16:00,33.5,61,0,1004.8,
2024-08-24T17:00,32.1,66,0,1005.5,
2024-08-24T18:00,30.6,74,0,1005.8,
2024-08-24T19:00,30.4,76,0,1006.4,
2024-08-24T20:00,29.9,80,0,1007.2,
2024-08-24T21:00,29.7,81,0,1008.3,
2024-08-24T22:00,29.5,84,0,1008.7,
2024-08-24T23:00,29,87,0,1008.9,
2024-08-25T00:00,28.6,88,0,1008,
2024-08-25T01:00,28.2,90,0,1008,
2024-08-25T02:00,27.7,92,0,1007.1,
2024-08-25T03:00,27.4,92,0,1006.8,
2024-08-25T04:00,27.1,93,0,1006.8,
2024-08-25T05:00,27,94,0,1006.6,
2024-08-25T06:00,26.8,94,0,1007.1,
2024-08-25T07:00,27.4,90,0,1007.4,
2024-08-25T08:00,28.3,87,0,1008.2,
2024-08-25T09:00,29.5,83,0,1008.2,
2024-08-25T10:00,31.1,77,0,1008.3,
2024-08-25T11:00,32.1,69,0,1007.6,
2024-08-25T12:00,33,63,0,1006.5,
2024-08-25T13:00,33.3,61,0,1006,
2024-08-25T14:00,32.7,67,0,1005.4,
2024-08-25T15:00,32.1,71,0,1004.9,
2024-08-25T16:00,31.4,71,0,1004.3,
2024-08-25T17:00,31,73,0,1004.3,
2024-08-25T18:00,30.5,75,0,1004.6,
2024-08-25T19:00,29.8,80,0,1005.2,
2024-08-25T20:00,29.4,84,0,1006,
2024-08-25T21:00,29,86,0,1006.8,
2024-08-25T22:00,28.7,88,0,1007.1,
2024-08-25T23:00,28.7,88,0,1007.1,
2024-08-26T00:00,28.4,90,0,1006.7,
2024-08-26T01:00,27.5,95,0,1006.5,
2024-08-26T02:00,27.2,96,0,1005.9,
2024-08-26T03:00,27,97,0,1006,
2024-08-26T04:00,26.8,96,0,1005.8,
2024-08-26T05:00,26.6,96,0,1006.1,
2024-08-26T06:00,26.5,96,0,1006.1,
2024-08-26T07:00,27.5,91,0,1006.4,
2024-08-26T08:00,29,87,0,1006.8,
2024-08-26T09:00,30.6,82,0,1007,
2024-08-26T10:00,32.5,68,0,1006.8,
2024-08-26T11:00,33.8,59,0,1005.9,
2024-08-26T12:00,35,54,0,1005.5,
2024-08-26T13:00,35.5,52,0,1005.1,
2024-08-26T14:00,33.8,61,0,1005,
2024-08-26T15:00,33.8,57,0,1004.5,
2024-08-26T16:00,33.2,60,0,1003.8,
2024-08-26T17:00,32,63,0,1004.3,
2024-08-26T18:00,30.5,70,0,1005,
2024-08-26T19:00,30,74,0,1005.1,
2024-08-26T20:00,29.1,79,0,1006.4,
2024-08-26T21:00,28.6,80,0,1006.9,
2024-08-26T22:00,28.3,81,0,1007.6,
2024-08-26T23:00,27.9,84,0,1007.3,
2024-08-27T00:00,27.9,86,0,1007.1,
2024-08-27T01:00,28,85,0,1006.3,
2024-08-27T02:00,27.5,88,0,1005.9,
2024-08-27T03:00,27.2,90,0,1005.7,
2024-08-27T04:00,26.9,92,0,1005.7,
2024-08-27T05:00,26.7,93,0,1005.7,
2024-08-27T06:00,26.5,94,0,1006.1,
2024-08-27T07:00,27.8,91,0,1006.4,
2024-08-27T08:00,29.7,81,0,1007,
2024-08-27T09:00,31.4,72,0,1006.9,
2024-08-27T10:00,33.1,63,0,1006.7,
2024-08-27T11:00,34.4,55,0,1006.1,
2024-08-27T12:00,35.4,51,0,1005.4,
2024-08-27T13:00,36.6,47,0,1004.5,
2024-08-27T14:00,36.2,51,0,1004.3,
2024-08-27T15:00,33.2,62,0,1004.1,
2024-08-27T16:00,33.6,57,0,1003.5,
2024-08-27T17:00,33.1,59,0,1003.2,
2024-08-27T18:00,32.4,62,0,1004,
2024-08-27T19:00,31.8,67,0,1004,
2024-08-27T20:00,30.9,73,0,1005.3,
2024-08-27T21:00,30.2,78,0,1006.1,
2024-08-27T22:00,29.8,81,0,1006.6,
2024-08-27T23:00,29.5,82,0,1006.7,
2024-08-28T00:00,29.2,84,0,1006.2,
2024-08-28T01:00,28.8,84,0,1005.7,
2024-08-28T02:00,28.4,85,0,1004.9,
2024-08-28T03:00,28.2,85,0,1004.6,
2024-08-28T04:00,27.8,85,0,1004.5,
2024-08-28T05:00,27.5,86,0,1004.6,
2024-08-28T06:00,27.2,86,0,1005,
2024-08-28T07:00,28.7,83,0,1005.9,
2024-08-28T08:00,30.9,70,0,1006.6,
2024-08-28T09:00,32.8,60,0,1006.5,
2024-08-28T10:00,34.3,53,0,1006.4,
2024-08-28T11:00,35.7,48,0,1005.6,
2024-08-28T12:00,36.8,45,0,1004.4,
2024-08-28T13:00,37.9,41,0,1003.1,
2024-08-28T14:00,37.6,43,0,1002.1,
2024-08-28T15:00,36,51,0,1001.8,
2024-08-28T16:00,34.9,53,0,1001.6,
2024-08-28T17:00,34,54,0,1001.8,
2024-08-28T18:00,32.7,60,0,1002.3,
2024-08-28T19:00,31.5,68,0,1002.8,
2024-08-28T20:00,30.9,71,0,1003.7,
2024-08-28T21:00,30.2,75,0,1004.3,
2024-08-28T22:00,29.6,79,0,1004.8,
2024-08-28T23:00,29.2,83,0,1004.9,
2024-08-29T00:00,28.8,84,0,1004.9,
2024-08-29T01:00,28.6,86,0,1004.2,
2024-08-29T02:00,28.5,84,0,1003.7,
2024-08-29T03:00,28.3,84,0,1003.5,
2024-08-29T04:00,28,83,0,1003.7,
2024-08-29T05:00,27.8,83,0,1003.9,
2024-08-29T06:00,27.5,84,0,1004,
2024-08-29T07:00,28.8,83,0,1004.7,
2024-08-29T08:00,31.4,68,0,1005,
2024-08-29T09:00,33.2,59,0,1005.1,
2024-08-29T10:00,34.7,53,0,1004.8,
2024-08-29T11:00,36.2,48,0,1004.2,
2024-08-29T12:00,37.4,44,0,1003.7,
2024-08-29T13:00,38.5,38,0,1002.9,
2024-08-29T14:00,38.9,37,0,1001.8,
2024-08-29T15:00,37.5,44,0,1001.6,
2024-08-29T16:00,35.3,52,0,1001.7,
2024-08-29T17:00,34.9,53,0,1002.4,
2024-08-29T18:00,33.5,59,0,1003,
2024-08-29T19:00,32.2,67,0,1003.2,
2024-08-29T20:00,31.7,71,0,1003.9,
2024-08-29T21:00,31.4,72,0,1004.4,
2024-08-29T22:00,30.9,73,0,1004.8,
2024-08-29T23:00,30,77,0,1005.2,
2024-08-30T00:00,29.6,78,0,1004.9,
2024-08-30T01:00,29.8,75,0,1004.1,
2024-08-30T02:00,29.7,74,0,1003.4,
2024-08-30T03:00,29.1,77,0,1003.4,
2024-08-30T04:00,28.4,81,0,1003.6,
2024-08-30T05:00,28,84,0,1004.4,
2024-08-30T06:00,27.5,88,0,1004.7,
2024-08-30T07:00,28.9,88,0,1005.8,
2024-08-30T08:00,31.7,67,0,1006.1,
2024-08-30T09:00,33.2,59,0,1006.1,
2024-08-30T10:00,34.6,54,0,1005.9,
2024-08-30T11:00,36,49,0,1005.6,
2024-08-30T12:00,37,45,0,1004.9,
2024-08-30T13:00,36.5,48,0,1004.5,
2024-08-30T14:00,36,51,0,1003.5,
2024-08-30T15:00,33.4,68,0,1003.5,
2024-08-30T16:00,32.8,69,0,1003.5,
2024-08-30T17:00,31.6,75,0,1004.2,
2024-08-30T18:00,30.5,79,0,1005,
2024-08-30T19:00,28.6,88,0,1005.9,
2024-08-30T20:00,28.2,90,0,1006.4,
2024-08-30T21:00,27.8,91,0,1007,
2024-08-30T22:00,27.7,91,0,1007.3,
2024-08-30T23:00,27.6,92,0,1007.4,
2024-08-31T00:00,27.3,94,0,1006.9,
2024-08-31T01:00,27.1,95,0,1006.2,
2024-08-31T02:00,27,95,0,1005.6,
2024-08-31T03:00,26.9,95,0,1005.2,
2024-08-31T04:00,27,95,0,1005.8,
2024-08-31T05:00,27.1,95,0,1006.2,
2024-08-31T06:00,27.2,95,0,1006.6,
2024-08-31T07:00,27.7,94,0,1006.8,
2024-08-31T08:00,28.5,91,0,1007.4,
2024-08-31T09:00,29.4,87,0,1007.4,
2024-08-31T10:00,29.8,83,0,1007.3,
2024-08-31T11:00,30.6,78,0,1006.9,
2024-08-31T12:00,31.6,75,0,1006.3,
2024-08-31T13:00,32.4,70,0,1005.4,
2024-08-31T14:00,32.3,70,0,1005.1,
2024-08-31T15:00,31.8,71,0,1004.4,
2024-08-31T16:00,31.3,73,0,1004.6,
2024-08-31T17:00,30.7,75,0,1004.6,
2024-08-31T18:00,29.9,78,0,1005.4,
2024-08-31T19:00,29.5,82,0,1005.5,
2024-08-31T20:00,29.1,85,0,1006.9,
2024-08-31T21:00,28.7,87,0,1007.7,
2024-08-31T22:00,28.4,89,0,1008.1,
2024-08-31T23:00,28.1,90,0,1007.9,
2024-09-01T00:00,27.9,91,0,1007.7,
2024-09-01T01:00,27.7,93,0,1006.6,
2024-09-01T02:00,27.5,93,0,1006.1,
2024-09-01T03:00,27.3,93,0,1005.7,
2024-09-01T04:00,27.2,92,0,1005.8,
2024-09-01T05:00,27,92,0,1005.9,
2024-09-01T06:00,26.8,93,0,1006.5,
2024-09-01T07:00,27.8,91,0,1007.2,
2024-09-01T08:00,28.5,87,0,1008,
2024-09-01T09:00,29.1,84,0,1008.3,
2024-09-01T10:00,30.3,80,0,1008.3,
2024-09-01T11:00,31,77,0,1008,
2024-09-01T12:00,31.7,74,0,1007.4,
2024-09-01T13:00,33,68,0,1006,
2024-09-01T14:00,32.7,67,0,1005.4,
2024-09-01T15:00,32.5,68,0,1004.9,
2024-09-01T16:00,31.5,72,0,1004.6,
2024-09-01T17:00,30.4,77,0,1004.7,
2024-09-01T18:00,29.2,82,0,1005.2,
2024-09-01T19:00,29.2,84,0,1005.4,
2024-09-01T20:00,28.6,87,0,1006.5,
2024-09-01T21:00,27.9,88,0,1007.5,
2024-09-01T22:00,27.5,88,0,1008.1,
2024-09-01T23:00,27.2,88,0,1008.1,
2024-09-02T00:00,27,88,0,1007.7,
2024-09-02T01:00,27,90,0,1007.1,
2024-09-02T02:00,26.7,91,0,1006.5,
2024-09-02T03:00,26.6,92,0,1006.5,
2024-09-02T04:00,26.5,92,0,1006.8,
2024-09-02T05:00,26.5,92,0,1006.9,
2024-09-02T06:00,26.4,92,0,1007.5,
2024-09-02T07:00,27,91,0,1008.2,
2024-09-02T08:00,28.2,87,0,1009.1,
2024-09-02T09:00,29.2,83,0,1009.3,
2024-09-02T10:00,30.3,78,0,1009.1,
2024-09-02T11:00,31.5,72,0,1008.3,
2024-09-02T12:00,32.4,67,0,1007.2,
2024-09-02T13:00,33.3,63,0,1006.7,
2024-09-02T14:00,32.2,70,0,1006.2,
2024-09-02T15:00,32.2,71,0,1005.7,
2024-09-02T16:00,31.7,72,0,1005.1,
2024-09-02T17:00,31.1,73,0,1005.2,
2024-09-02T18:00,30.2,77,0,1005.7,
2024-09-02T19:00,29.8,83,0,1005.7,
2024-09-02T20:00,29.1,87,0,1007,
2024-09-02T21:00,28.8,89,0,1007.9,
2024-09-02T22:00,28.5,90,0,1008.9,
2024-09-02T23:00,28.3,90,0,1008.8,
2024-09-03T00:00,28.1,91,0,1008.6,
2024-09-03T01:00,27.9,93,0,1007.9,
2024-09-03T02:00,27.7,94,0,1007.6,
2024-09-03T03:00,27.4,95,0,1007.5,
2024-09-03T04:00,27.2,96,0,1007.6,
2024-09-03T05:00,26.9,96,0,1007.8,
2024-09-03T06:00,26.7,96,0,1007.9,
2024-09-03T07:00,27.4,93,0,1008.3,
2024-09-03T08:00,28.9,86,0,1008.8,
2024-09-03T09:00,30.1,82,0,1009.3,
2024-09-03T10:00,31.1,77,0,1009.3,
2024-09-03T11:00,32.2,72,0,1008.7,
2024-09-03T12:00,33,69,0,1007.6,
2024-09-03T13:00,33.6,67,0,1006.2,
2024-09-03T14:00,33.2,67,0,1005.3,
2024-09-03T15:00,33.2,64,0,1004.3,
2024-09-03T16:00,32.5,66,0,1004.3,
2024-09-03T17:00,31.4,70,0,1004.3,
2024-09-03T18:00,30.2,77,0,1004.7,
2024-09-03T19:00,29.9,81,0,1005.2,
2024-09-03T20:00,29.4,84,0,1006.4,
2024-09-03T21:00,29,86,0,1007.1,
2024-09-03T22:00,28.7,88,0,1007.8,
2024-09-03T23:00,28.4,89,0,1007.5,
2024-09-04T00:00,28,90,0,1006.9,
2024-09-04T01:00,27.8,90,0,1006.2,
2024-09-04T02:00,27.2,93,0,1005.3,
2024-09-04T03:00,27,94,0,1004.9,
2024-09-04T04:00,26.8,94,0,1004.8,
2024-09-04T05:00,26.6,94,0,1004.9,
2024-09-04T06:00,26.4,94,0,1004.9,
2024-09-04T07:00,27.6,89,0,1005.4,
2024-09-04T08:00,29.3,82,0,1005.7,
2024-09-04T09:00,30.9,75,0,1005.7,
2024-09-04T10:00,32.6,66,0,1005.2,
2024-09-04T11:00,34.2,56,0,1004.7,
2024-09-04T12:00,35.3,50,0,1003.6,
2024-09-04T13:00,36.4,46,0,1002,
2024-09-04T14:00,36.2,48,0,1001,
2024-09-04T15:00,34.6,57,0,1000.5,
2024-09-04T16:00,33.5,59,0,1000.4,
2024-09-04T17:00,32.4,63,0,1000.5,
2024-09-04T18:00,31.2,69,0,1001.3,
2024-09-04T19:00,30.4,77,0,1001.6,
2024-09-04T20:00,29.7,81,0,1002.5,
2024-09-04T21:00,29.2,83,0,1003,
2024-09-04T22:00,28.8,85,0,1003.5,
2024-09-04T23:00,28.6,87,0,1003.5,
2024-09-05T00:00,28.3,88,0,1003.1,
2024-09-05T01:00,27.9,90,0,1002.3,
2024-09-05T02:00,27.5,92,0,1001.5,
2024-09-05T03:00,27.3,92,0,1001.4,
2024-09-05T04:00,27.2,92,0,1001.3,
2024-09-05T05:00,27,92,0,1001.6,
2024-09-05T06:00,26.9,92,0,1001.7,
2024-09-05T07:00,28.4,88,0,1002.5,
2024-09-05T08:00,30.4,76,0,1003.2,
2024-09-05T09:00,32.2,67,0,1003.2,
2024-09-05T10:00,33.9,60,0,1003,
2024-09-05T11:00,35.5,52,0,1002.4,
2024-09-05T12:00,36.4,47,0,1001.7,
2024-09-05T13:00,37.4,44,0,1000.7,
2024-09-05T14:00,37.5,43,0,999.6,
2024-09-05T15:00,36.2,47,0,999.2,
2024-09-05T16:00,35.3,46,0,998.6,
2024-09-05T17:00,34.3,49,0,998.9,
2024-09-05T18:00,32.5,58,0,999.5,
2024-09-05T19:00,31.2,66,0,999.7,
2024-09-05T20:00,29.8,73,0,1000.9,
2024-09-05T21:00,29.1,76,0,1001.4,
2024-09-05T22:00,28.6,78,0,1002.2,
2024-09-05T23:00,28.2,80,0,1001.9,
2024-09-06T00:00,28.2,79,0,1001.4,
2024-09-06T01:00,29,72,0,1000.7,
2024-09-06T02:00,28.3,74,0,1000.4,
2024-09-06T03:00,28,78,0,1000.5,
2024-09-06T04:00,27.5,80,0,1000.5,
2024-09-06T05:00,27,81,0,1000.2,
2024-09-06T06:00,27,81,0,1000.1,
2024-09-06T07:00,27.9,83,0,1000.8,
2024-09-06T08:00,29.5,75,0,1001.6,
2024-09-06T09:00,30.7,73,0,1002,
2024-09-06T10:00,31.9,69,0,1001.7,
2024-09-06T11:00,32.1,68,0,1001.3,
2024-09-06T12:00,31.2,74,0,1001.1,
2024-09-06T13:00,30.8,79,0,1000.6,
2024-09-06T14:00,31.9,73,0,999.3,
2024-09-06T15:00,32,71,0,998.2,
2024-09-06T16:00,31.8,72,0,997.7,
2024-09-06T17:00,31.3,73,0,997.7,
2024-09-06T18:00,30.7,74,0,998,
2024-09-06T19:00,29.7,77,0,999.6,
2024-09-06T20:00,29.5,76,0,999.9,
2024-09-06T21:00,28.1,85,0.4,1000.7,
2024-09-06T22:00,27.9,86,0.2,1000.7,
2024-09-06T23:00,27.2,89,0.6,1000.1,
2024-09-07T00:00,26.1,97,14,1001.7,
2024-09-07T01:00,25.6,92,16.7,1000.4,
2024-09-07T02:00,25.9,91,0.5,999.7,
2024-09-07T03:00,25.8,91,0.7,999.1,
2024-09-07T04:00,26.3,88,0.2,998.3,
2024-09-07T05:00,27,85,0,997.8,
2024-09-07T06:00,26.5,89,0.3,998.1,
2024-09-07T07:00,26.8,88,2.8,998.6,
2024-09-07T08:00,26.8,89,0.7,999.5,
2024-09-07T09:00,27,88,0.5,999.9,
2024-09-07T10:00,26.9,90,0,999.7,
2024-09-07T11:00,27.3,92,0,999.6,
2024-09-07T12:00,27.7,91,0.5,999.1,
2024-09-07T13:00,28.8,82,0,998,
2024-09-07T14:00,29.1,82,0,997.4,
2024-09-07T15:00,29.4,83,0,997,
2024-09-07T16:00,29.4,86,0,997.3,
2024-09-07T17:00,29.3,89,0,997.4,
2024-09-07T18:00,29.1,85,0,997.9,
2024-09-07T19:00,29.1,80,0,997.8,
2024-09-07T20:00,28.6,81,0,999.1,
2024-09-07T21:00,28.3,81,0,999.7,
2024-09-07T22:00,28.3,79,0,1000.5,
2024-09-07T23:00,29.1,73,0,999.9,
2024-09-08T00:00,29.4,71,0,999.5,
2024-09-08T01:00,29,76,0,999.4,
2024-09-08T02:00,28.4,80,0.1,999.1,
2024-09-08T03:00,27.5,85,1.3,999.4,
2024-09-08T04:00,27.2,85,1,999.5,
2024-09-08T05:00,27.4,83,0.2,999.7,
2024-09-08T06:00,28.1,78,0,1000.2,
2024-09-08T07:00,28.8,77,0,1000.4,
2024-09-08T08:00,30.1,73,0,1001.3,
2024-09-08T09:00,31.2,71,0,1001.6,
2024-09-08T10:00,32.6,66,0,1002.3,
2024-09-08T11:00,34.5,56,0,1002.1,
2024-09-08T12:00,35.7,51,0,1001.8,
2024-09-08T13:00,37.2,45,0,1000.7,
2024-09-08T14:00,37.3,44,0,1000.1,
2024-09-08T15:00,36.9,44,0,999.6,
2024-09-08T16:00,36.2,46,0,999.3,
2024-09-08T17:00,34.7,53,0,999.8,
2024-09-08T18:00,32.6,60,0,1000.6,
2024-09-08T19:00,30.9,69,0,1001,
2024-09-08T20:00,30.1,72,0,1002.3,
2024-09-08T21:00,29.7,71,0,1003,
2024-09-08T22:00,29.7,70,0,1003.9,
2024-09-08T23:00,29.6,71,0,1003.9,
2024-09-09T00:00,29.6,71,0,1003.7,
2024-09-09T01:00,29.2,75,0,1002.6,
2024-09-09T02:00,29,76,0,1001.8,
2024-09-09T03:00,28.6,78,0,1001.5,
2024-09-09T04:00,28.2,80,0,1001.5,
2024-09-09T05:00,27.8,82,0,1002.3,
2024-09-09T06:00,27.5,85,0,1002.6,
2024-09-09T07:00,28.5,86,0,1002.5,
2024-09-09T08:00,30.4,77,0,1002.7,
2024-09-09T09:00,32.2,70,0,1003,
2024-09-09T10:00,33.4,63,0,1003.2,
2024-09-09T11:00,34.7,56,0,1003.3,
2024-09-09T12:00,35.1,54,0,1002.8,
2024-09-09T13:00,34,60,0,1002.8,
2024-09-09T14:00,34.2,61,0,1001.9,
2024-09-09T15:00,34.1,61,0,1001,
2024-09-09T16:00,34,59,0,1000.8,
2024-09-09T17:00,33.5,61,0,1001.2,
2024-09-09T18:00,31.5,73,0,1002.2,
2024-09-09T19:00,30.1,81,0,1003.1,
2024-09-09T20:00,29.8,82,0,1004.1,
2024-09-09T21:00,29.4,81,0,1004.7,
2024-09-09T22:00,29,84,0,1005,
2024-09-09T23:00,28.6,87,0,1004.7,
2024-09-10T00:00,28.3,88,0,1004.3,
2024-09-10T01:00,28.1,91,0,1003.9,
2024-09-10T02:00,28,90,0,1003.2,
2024-09-10T03:00,27.9,92,0,1003,
2024-09-10T04:00,27.7,93,0,1003,
2024-09-10T05:00,27.6,93,0,1003.4,
2024-09-10T06:00,27.5,94,0,1003.6,
2024-09-10T07:00,27.8,94,0,1004.6,
2024-09-10T08:00,28.6,90,0,1005.2,
2024-09-10T09:00,29.5,84,0,1005.8,
2024-09-10T10:00,29.4,85,0,1005.7,
2024-09-10T11:00,29.5,86,0,1005.8,
2024-09-10T12:00,29.4,86,0,1004.9,
2024-09-10T13:00,30.5,81,0,1004.4,
2024-09-10T14:00,30.1,83,0,1003.4,
2024-09-10T15:00,30.1,81,0,1002.8,
2024-09-10T16:00,29.4,83,0,1003.2,
2024-09-10T17:00,29.1,84,0,1003.8,
2024-09-10T18:00,28.5,88,0,1004.6,
2024-09-10T19:00,28,91,0,1005.1,
2024-09-10T20:00,27.6,92,0,1005.9,
2024-09-10T21:00,27.3,94,0,1006.5,
2024-09-10T22:00,27,94,0,1007,
2024-09-10T23:00,26.8,95,0,1007.1,
2024-09-11T00:00,26.6,95,0,1006.5,
2024-09-11T01:00,26.3,94,0,1006.3,
2024-09-11T02:00,26.2,95,0,1005.7,
2024-09-11T03:00,26.1,95,0,1005.7,
2024-09-11T04:00,26,96,0,1005.6,
2024-09-11T05:00,26,97,0,1005.9,
2024-09-11T06:00,25.9,97,0,1006,
2024-09-11T07:00,26,96,0,1007.1,
2024-09-11T08:00,26.6,93,0,1008,
2024-09-11T09:00,26.9,93,0.3,1008.9,
2024-09-11T10:00,27.4,90,0.1,1008.9,
2024-09-11T11:00,28.1,88,0,1008.6,
2024-09-11T12:00,28.2,87,0,1007.5,
2024-09-11T13:00,28.3,88,0.8,1006.6,
2024-09-11T14:00,28.7,86,0,1005.9,
2024-09-11T15:00,28.9,84,0,1005.7,
2024-09-11T16:00,28.9,83,0,1005.6,
2024-09-11T17:00,28.6,84,0,1005.8,
2024-09-11T18:00,27.8,87,0,1006.2,
2024-09-11T19:00,28,88,0,1005.6,
2024-09-11T20:00,27.6,90,0,1007.2,
2024-09-11T21:00,27.3,92,0,1008.2,
2024-09-11T22:00,27.1,93,0,1008.7,
2024-09-11T23:00,26.7,94,0,1008.2,
2024-09-12T00:00,26.5,95,0,1007.9,
2024-09-12T01:00,26.5,95,0,1007.1,
2024-09-12T02:00,26.5,95,0,1006.5,
2024-09-12T03:00,26.1,96,0,1006.4,
2024-09-12T04:00,25.8,97,0,1006.9,
2024-09-12T05:00,25.8,97,0,1007.2,
2024-09-12T06:00,25.8,97,0,1007.2,
2024-09-12T07:00,26.3,97,0,1007.4,
2024-09-12T08:00,27.1,93,0,1008.1,
2024-09-12T09:00,27.8,89,0,1008.5,
2024-09-12T10:00,27.9,89,0,1008.7,
2024-09-12T11:00,27.8,89,0,1008.3,
2024-09-12T12:00,28,88,0,1007.9,
2024-09-12T13:00,27.9,87,0,1006.8,
2024-09-12T14:00,28.1,86,0,1006.1,
2024-09-12T15:00,28.5,83,0,1005.4,
2024-09-12T16:00,28.2,85,0,1005.3,
2024-09-12T17:00,27.9,86,0,1005.3,
2024-09-12T18:00,27.4,87,0,1005.5,
2024-09-12T19:00,27.2,88,0,1006.4,
2024-09-12T20:00,26.7,91,0,1007,
2024-09-12T21:00,26.5,91,0,1008,
2024-09-12T22:00,26.5,90,0,1007.9,
2024-09-12T23:00,26.4,89,0,1007.5,
2024-09-13T00:00,26.3,89,0,1006.7,
2024-09-13T01:00,26.1,89,0,1005.6,
2024-09-13T02:00,25.9,90,0,1005.3,
2024-09-13T03:00,25.7,92,0,1005,
2024-09-13T04:00,25.6,94,0,1005.3,
2024-09-13T05:00,25.5,95,0,1005.4,
2024-09-13T06:00,25.4,96,0,1005.6,
2024-09-13T07:00,26.2,95,0,1006.2,
2024-09-13T08:00,27.2,91,0,1006.7,
2024-09-13T09:00,28.2,86,0,1007.1,
2024-09-13T10:00,28.8,81,0,1006.7,
2024-09-13T11:00,29.4,79,0,1006.1,
2024-09-13T12:00,29.9,74,0,1005.3,
2024-09-13T13:00,30.7,69,0,1004.3,
2024-09-13T14:00,30.9,68,0,1003.6,
2024-09-13T15:00,30.5,70,0,1003.1,
2024-09-13T16:00,30.4,70,0,1002.8,
2024-09-13T17:00,29.9,72,0,1002.8,
2024-09-13T18:00,29,77,0,1003.3,
2024-09-13T19:00,28.5,82,0,1003.5,
2024-09-13T20:00,28.2,83,0,1004.4,
2024-09-13T21:00,28.1,83,0,1004.6,
2024-09-13T22:00,27.7,84,0,1005,
2024-09-13T23:00,27.4,86,0,1004.6,
2024-09-14T00:00,27,89,0,1004.1,
2024-09-14T01:00,26.7,90,0,1003.4,
2024-09-14T02:00,26.4,92,0,1003,
2024-09-14T03:00,26.1,93,0,1002.9,
2024-09-14T04:00,26,93,0,1003.2,
2024-09-14T05:00,25.9,93,0,1003.3,
2024-09-14T06:00,25.8,93,0,1003.7,
2024-09-14T07:00,26.6,91,0,1004.2,
2024-09-14T08:00,28.1,87,0,1004.9,
2024-09-14T09:00,29.3,81,0,1005,
2024-09-14T10:00,30.3,76,0,1004.9,
2024-09-14T11:00,31.1,73,0,1004.3,
2024-09-14T12:00,31.5,72,0,1003.5,
2024-09-14T13:00,30.7,76,0,1002.9,
2024-09-14T14:00,30.8,74,0,1001.8,
2024-09-14T15:00,30.9,74,0,1001.2,
2024-09-14T16:00,30.8,73,0,1000.9,
2024-09-14T17:00,30.4,73,0,1000.8,
2024-09-14T18:00,29.3,78,0,1001.6,
2024-09-14T19:00,28.6,83,0,1001.9,
2024-09-14T20:00,27.8,88,0,1003.1,
2024-09-14T21:00,27.4,91,0,1003.7,
2024-09-14T22:00,27.2,92,0,1004.2,
2024-09-14T23:00,26.9,93,0,1004.1,
2024-09-15T00:00,26.7,95,0,1003.7,
2024-09-15T01:00,26.6,96,0,1002.7,
2024-09-15T02:00,26.4,96,0,1002.1,
2024-09-15T03:00,26.3,96,0,1001.8,
2024-09-15T04:00,26.1,96,0,1001.9,
2024-09-15T05:00,25.8,97,0,1002.4,
2024-09-15T06:00,25.7,97,0,1002.8,
2024-09-15T07:00,27,87,0,1003,
2024-09-15T08:00,28.4,82,0,1003.7,
2024-09-15T09:00,30,75,0,1003.7,
2024-09-15T10:00,31.3,72,0,1003.7,
2024-09-15T11:00,32.5,64,0,1003.2,
2024-09-15T12:00,33.4,59,0,1002.4,
2024-09-15T13:00,34.3,54,0,1001.3,
2024-09-15T14:00,34,56,0,1000.4,
2024-09-15T15:00,33.1,59,0,1000.3,
2024-09-15T16:00,32.2,59,0,1000.3,
2024-09-15T17:00,30.9,66,0,1000.9,
2024-09-15T18:00,29.4,75,0,1001.6,
2024-09-15T19:00,28.8,82,0,1001.9,
2024-09-15T20:00,28.1,86,0,1002.7,
2024-09-15T21:00,27.7,88,0,1003.1,
2024-09-15T22:00,27.5,89,0,1003.4,
2024-09-15T23:00,27.3,90,0,1003.5,
2024-09-16T00:00,27.2,90,0,1003.4,
2024-09-16T01:00,26.6,93,0,1002.9,
2024-09-16T02:00,26.3,95,0,1002.5,
2024-09-16T03:00,25.9,96,0,1002.4,
2024-09-16T04:00,25.7,97,0,1002.6,
2024-09-16T05:00,25.5,98,0,1003.1,
2024-09-16T06:00,25.5,98,0,1003.6,
2024-09-16T07:00,26.7,93,0,1003.8,
2024-09-16T08:00,28.7,87,0,1004.9,
2024-09-16T09:00,30.1,79,0,1005.1,
2024-09-16T10:00,31,76,0,1005.6,
2024-09-16T11:00,31.7,72,0,1005,
2024-09-16T12:00,31.4,73,0,1004.6,
2024-09-16T13:00,32.5,64,0,1003.6,
2024-09-16T14:00,31.8,69,0,1003.3,
2024-09-16T15:00,31.3,72,0,1002.8,
2024-09-16T16:00,30.8,73,0,1002.7,
2024-09-16T17:00,30,74,0,1002.9,
2024-09-16T18:00,29.1,79,0,1003.5,
2024-09-16T19:00,28.8,84,0,1003.8,
2024-09-16T20:00,28.5,84,0,1004.8,
2024-09-16T21:00,28.5,83,0,1005.7,
2024-09-16T22:00,28,85,0,1006,
2024-09-16T23:00,27.2,89,0,1005.9,
2024-09-17T00:00,26.9,90,0,1005.4,
2024-09-17T01:00,26.9,89,0,1004.7,
2024-09-17T02:00,26.7,88,0,1004,
2024-09-17T03:00,26.4,88,0,1004.2,
2024-09-17T04:00,26,88,0,1004.3,
2024-09-17T05:00,25.8,90,0,1004.9,
2024-09-17T06:00,25.6,91,0,1005.2,
2024-09-17T07:00,26,91,0,1005.6,
2024-09-17T08:00,27.2,85,0,1006.3,
2024-09-17T09:00,27.4,82,0,1006.6,
2024-09-17T10:00,27.8,81,0,1006.6,
2024-09-17T11:00,28.4,79,0,1006.1,
2024-09-17T12:00,29,77,0,1005.2,
2024-09-17T13:00,29.4,78,0,1004.3,
2024-09-17T14:00,28.6,81,0,1003.4,
2024-09-17T15:00,29,81,0,1002.9,
2024-09-17T16:00,29.1,81,0,1002.7,
2024-09-17T17:00,28,84,0,1003.1,
2024-09-17T18:00,27.3,88,0,1003.8,
2024-09-17T19:00,27.3,90,0,1004.4,
2024-09-17T20:00,26.8,91,0,1005,
2024-09-17T21:00,26.2,92,0,1005.6,
2024-09-17T22:00,25.6,93,0,1006,
2024-09-17T23:00,25.1,93,0,1005.9,
2024-09-18T00:00,25,93,0,1005.2,
2024-09-18T01:00,24.9,95,0,1004.2,
2024-09-18T02:00,25,94,0,1003.7,
2024-09-18T03:00,25.1,94,0,1003.3,
2024-09-18T04:00,25,96,2,1003.2,
2024-09-18T05:00,25.1,97,3.5,1003.1,
2024-09-18T06:00,25,96,0.6,1003.8,
2024-09-18T07:00,25.2,95,0,1004.8,
2024-09-18T08:00,25.4,93,0,1005.4,
2024-09-18T09:00,25.9,92,0,1005.5,
2024-09-18T10:00,26.8,89,0,1005.3,
2024-09-18T11:00,27,88,0,1004.7,
2024-09-18T12:00,27.6,86,0,1003.9,
2024-09-18T13:00,29,84,0,1002.8,
2024-09-18T14:00,29.3,82,0,1001.9,
2024-09-18T15:00,29.3,82,0,1001.3,
2024-09-18T16:00,29,82,0,1001.5,
2024-09-18T17:00,28,85,0,1001.7,
2024-09-18T18:00,27.3,88,0,1002.4,
2024-09-18T19:00,27.2,90,0,1002.7,
2024-09-18T20:00,26.8,88,0,1003,
2024-09-18T21:00,26.5,87,0,1003.6,
2024-09-18T22:00,26.1,88,0,1003.8,
2024-09-18T23:00,25.9,89,0,1003.6,
2024-09-19T00:00,25.6,90,0,1002.9,
2024-09-19T01:00,26.1,91,0,1001.8,
2024-09-19T02:00,25.6,90,0,1001.8,
2024-09-19T03:00,25.2,90,0,1001.5,
2024-09-19T04:00,24.9,91,0,1001.4,
2024-09-19T05:00,24.9,92,0,1001.9,
2024-09-19T06:00,24.9,92,0,1002,
2024-09-19T07:00,25.2,93,0,1002.4,
2024-09-19T08:00,25.3,93,0.4,1003.1,
2024-09-19T09:00,25.1,95,1.3,1003.4,
2024-09-19T10:00,25.5,94,0.1,1003.6,
2024-09-19T11:00,25.4,95,1.1,1003.2,
2024-09-19T12:00,25.3,95,0.4,1002.5,
2024-09-19T13:00,25.9,95,3.4,1001.4,
2024-09-19T14:00,26.5,95,5.2,1000.8,
2024-09-19T15:00,26.2,95,4.6,1000.1,
2024-09-19T16:00,26.3,93,6.9,1000,
2024-09-19T17:00,25,93,5.3,1000.4,
2024-09-19T18:00,24.9,94,12.1,1001.1,
2024-09-19T19:00,25.8,94,7.2,1000.9,
2024-09-19T20:00,26,93,2.4,1001.3,
2024-09-19T21:00,26.3,91,1,1001.3,
2024-09-19T22:00,26.7,90,0.6,1001.2,
2024-09-19T23:00,26.9,91,0,1001.5,
2024-09-20T00:00,26.9,91,0,1001.2,
2024-09-20T01:00,27,93,0,1000.4,
2024-09-20T02:00,27,93,0,999.8,
2024-09-20T03:00,27,93,0,999.3,
2024-09-20T04:00,27,92,0,999.4,
2024-09-20T05:00,26.7,93,0,999.8,
2024-09-20T06:00,26.7,93,0,1000.4,
2024-09-20T07:00,26.8,94,0,1001.3,
2024-09-20T08:00,26.9,94,0.2,1001.8,
2024-09-20T09:00,26.9,95,1.4,1002.2,
2024-09-20T10:00,27,96,1.3,1002.6,
2024-09-20T11:00,27.3,95,0.3,1002.5,
2024-09-20T12:00,27.5,95,0,1002.2,
2024-09-20T13:00,27.8,92,0,1001.8,
2024-09-20T14:00,27.9,92,0,1001.2,
2024-09-20T15:00,27.8,92,0,1000.7,
2024-09-20T16:00,27.4,93,0,1001,
2024-09-20T17:00,27.2,93,0,1001.8,
2024-09-20T18:00,27,93,0,1002.4,
2024-09-20T19:00,27,94,0,1002.7,
2024-09-20T20:00,26.9,94,0,1003.6,
2024-09-20T21:00,26.7,94,0,1004.4,
2024-09-20T22:00,26.3,96,0,1004.6,
2024-09-20T23:00,26,97,0,1004.6,
2024-09-21T00:00,25.9,97,0,1004.5,
2024-09-21T01:00,25.8,97,0,1003.9,
2024-09-21T02:00,25.8,97,0,1003.1,
2024-09-21T03:00,25.7,97,0,1003.1,
2024-09-21T04:00,25.5,96,0.1,1002.9,
2024-09-21T05:00,25.4,96,0,1003.6,
2024-09-21T06:00,25.3,95,0,1003.8,
2024-09-21T07:00,25.6,95,0,1004.2,
2024-09-21T08:00,25.7,94,0,1005,
2024-09-21T09:00,26,93,0,1005.5,
2024-09-21T10:00,26.3,92,0,1006,
2024-09-21T11:00,26.7,91,0,1005.8,
2024-09-21T12:00,27,90,0,1004.9,
2024-09-21T13:00,28,85,0,1004,
2024-09-21T14:00,27.5,87,0,1002.8,
2024-09-21T15:00,27.2,90,0,1002.5,
2024-09-21T16:00,27.2,90,0,1002.6,
2024-09-21T17:00,27.3,90,0,1003,
2024-09-21T18:00,26.9,92,0,1003.5,
2024-09-21T19:00,26.6,95,0,1003.9,
2024-09-21T20:00,26.3,95,0,1004.7,
2024-09-21T21:00,26.1,95,0,1005.5,
2024-09-21T22:00,26.1,94,0,1005.5,
2024-09-21T23:00,26.1,94,0,1005.6,
2024-09-22T00:00,26.1,94,0,1004.9,
2024-09-22T01:00,25.8,95,0,1004.6,
2024-09-22T02:00,25.6,96,0,1003.9,
2024-09-22T03:00,25.5,96,0,1003.5,
2024-09-22T04:00,25.3,97,0,1003.5,
2024-09-22T05:00,25.3,97,0,1003.8,
2024-09-22T06:00,25.2,97,0,1004.2,
2024-09-22T07:00,25.9,97,0,1004.4,
2024-09-22T08:00,27,92,0,1005.1,
2024-09-22T09:00,27.9,87,0,1005.2,
2024-09-22T10:00,28.9,83,0,1005.4,
2024-09-22T11:00,29.6,80,0,1005,
2024-09-22T12:00,29.5,83,0,1004.5,
2024-09-22T13:00,29.9,81,0,1003.6,
2024-09-22T14:00,29.6,81,0,1003.2,
2024-09-22T15:00,28.9,84,0,1002.9,
2024-09-22T16:00,28.3,85,0,1003.4,
2024-09-22T17:00,27.9,86,0,1004.4,
2024-09-22T18:00,27.3,89,0,1005.5,
2024-09-22T19:00,26.8,92,0,1005.2,
2024-09-22T20:00,26.5,93,0,1006.2,
2024-09-22T21:00,26.1,94,0,1007,
2024-09-22T22:00,26,95,0,1006.8,
2024-09-22T23:00,25.8,95,0.3,1006.9,
2024-09-23T00:00,25.7,95,0.4,1006.5,
2024-09-23T01:00,25.6,96,1.2,1005.6,
2024-09-23T02:00,25.4,97,2.6,1005.5,
2024-09-23T03:00,25.3,97,3.8,1005.5,
2024-09-23T04:00,24.9,95,4.7,1005.4,
2024-09-23T05:00,24.6,94,1.8,1006.2,
2024-09-23T06:00,24.5,95,1.8,1006.7,
2024-09-23T07:00,24.4,96,2.3,1008.1,
2024-09-23T08:00,24.5,96,2.4,1008.6,
2024-09-23T09:00,24.5,97,3.3,1008.9,
2024-09-23T10:00,24.6,98,17,1009.2,
2024-09-23T11:00,24.7,97,39.5,1009.3,
2024-09-23T12:00,24.4,95,33.5,1009.3,
2024-09-23T13:00,23.7,96,26.7,1009.4,
2024-09-23T14:00,23.6,96,7.5,1008.7,
2024-09-23T15:00,23.5,95,3.6,1008.6,
2024-09-23T16:00,23,94,1.4,1009.1,
2024-09-23T17:00,22.6,93,0.6,1010,
2024-09-23T18:00,22.3,93,0.5,1010.6,
2024-09-23T19:00,22.6,95,0.9,1010.7,
2024-09-23T20:00,22.5,94,1.2,1011.4,
2024-09-23T21:00,22.4,94,1.1,1012,
2024-09-23T22:00,22.3,94,0.9,1012,
2024-09-23T23:00,22.4,92,0.7,1012,
2024-09-24T00:00,22.4,91,0.5,1011.5,
2024-09-24T01:00,22.5,91,0.3,1010.7,
2024-09-24T02:00,22.6,91,0.1,1010.3,
2024-09-24T03:00,22.7,90,0.1,1010.1,
2024-09-24T04:00,22.9,89,0,1010,
2024-09-24T05:00,23,89,0,1010.4,
2024-09-24T06:00,23,90,0,1010.6,
2024-09-24T07:00,23.1,94,0,1011.3,
2024-09-24T08:00,23.6,92,0,1011.8,
2024-09-24T09:00,23.7,92,0,1012,
2024-09-24T10:00,24,92,0.1,1012,
2024-09-24T11:00,24,91,0.3,1011.6,
2024-09-24T12:00,24.3,90,0.2,1011,
2024-09-24T13:00,25.9,83,0,1010.3,
2024-09-24T14:00,26,82,0,1009.8,
2024-09-24T15:00,26,83,0,1009.6,
2024-09-24T16:00,25.5,87,0.1,1009.7,
2024-09-24T17:00,24.9,92,0.2,1010,
2024-09-24T18:00,24.5,94,0.3,1010.5,
2024-09-24T19:00,25.6,89,0.2,1010.3,
2024-09-24T20:00,25.5,88,0,1010.7,
2024-09-24T21:00,25,87,0.1,1011.3,
2024-09-24T22:00,24.2,91,0.3,1011.7,
2024-09-24T23:00,23.9,91,0.2,1011.8,
2024-09-25T00:00,23.8,92,0.1,1011.5,
2024-09-25T01:00,24.2,90,0,1011,
2024-09-25T02:00,24.3,83,0,1010.3,
2024-09-25T03:00,24,82,0,1010.3,
2024-09-25T04:00,23.8,83,0,1010.1,
2024-09-25T05:00,23.3,87,0,1010.3,
2024-09-25T06:00,23,91,0,1010.8,
2024-09-25T07:00,23.4,95,0,1012,
2024-09-25T08:00,24.6,86,0,1012.2,
2024-09-25T09:00,25.6,82,0,1012.5,
2024-09-25T10:00,26.6,77,0,1012.6,
2024-09-25T11:00,27.5,73,0,1012.5,
2024-09-25T12:00,28,70,0,1011.6,
2024-09-25T13:00,29.8,64,0,1011,
2024-09-25T14:00,29.7,64,0,1009.9,
2024-09-25T15:00,29.8,63,0,1009.4,
2024-09-25T16:00,29.4,66,0,1009.4,
2024-09-25T17:00,28.4,72,0,1009.5,
2024-09-25T18:00,27.1,78,0,1009.8,
2024-09-25T19:00,26.5,83,0,1010.1,
2024-09-25T20:00,26,85,0,1010.7,
2024-09-25T21:00,25.6,87,0,1011.3,
2024-09-25T22:00,25.3,88,0,1011.7,
2024-09-25T23:00,25,89,0,1011.9,
2024-09-26T00:00,24.7,90,0,1011.6,
2024-09-26T01:00,24.7,94,0,1011.3,
2024-09-26T02:00,24.3,95,0,1010.6,
2024-09-26T03:00,23.9,97,0,1010.6,
2024-09-26T04:00,23.6,98,0,1010.5,
2024-09-26T05:00,23.5,99,0,1010.9,
2024-09-26T06:00,23.3,100,0,1011.2,
2024-09-26T07:00,24.9,97,0,1012,
2024-09-26T08:00,27.2,87,0,1012.5,
2024-09-26T09:00,28.8,80,0,1012.5,
2024-09-26T10:00,30.4,72,0,1012.1,
2024-09-26T11:00,31.6,66,0,1011.5,
2024-09-26T12:00,32.5,63,0,1010.5,
2024-09-26T13:00,32.4,62,0,1010.2,
2024-09-26T14:00,32,65,0,1009.3,
2024-09-26T15:00,31.1,69,0,1008.8,
2024-09-26T16:00,30.4,73,0,1008.5,
2024-09-26T17:00,29.4,78,0,1008.6,
2024-09-26T18:00,28.4,81,0,1009.3,
2024-09-26T19:00,28.2,85,0,1010.1,
2024-09-26T20:00,28,88,0,1010.9,
2024-09-26T21:00,27.5,90,0,1011.6,
2024-09-26T22:00,27.3,92,0,1011.7,
2024-09-26T23:00,26.9,93,0,1012.1,
2024-09-27T00:00,26.7,93,0,1011.8,
2024-09-27T01:00,26.5,94,0,1011.3,
2024-09-27T02:00,26,97,0,1010.9,
2024-09-27T03:00,25.6,98,0,1010.4,
2024-09-27T04:00,25.4,99,0,1010.6,
2024-09-27T05:00,25.2,100,0,1010.6,
2024-09-27T06:00,25.1,100,0,1010.8,
2024-09-27T07:00,26.2,97,0,1011.3,
2024-09-27T08:00,27.9,90,0,1012.1,
2024-09-27T09:00,29.5,81,0,1012,
2024-09-27T10:00,30.9,72,0,1011.7,
2024-09-27T11:00,32.2,66,0,1010.8,
2024-09-27T12:00,33.2,61,0,1009.8,
2024-09-27T13:00,34.2,56,0,1009.2,
2024-09-27T14:00,33.2,64,0,1008.6,
2024-09-27T15:00,31.6,69,0,1008.2,
2024-09-27T16:00,30.8,72,0,1008.2,
2024-09-27T17:00,29.8,77,0,1007.9,
2024-09-27T18:00,28.8,82,0,1008.5,
2024-09-27T19:00,28.6,87,0,1008.8,
2024-09-27T20:00,28.3,87,0,1009.8,
2024-09-27T21:00,28,86,0,1010.3,
2024-09-27T22:00,27.5,85,0,1010.3,
2024-09-27T23:00,27,86,0,1009.8,
2024-09-28T00:00,26.5,88,0,1009.1,
2024-09-28T01:00,26.4,91,0,1008.9,
2024-09-28T02:00,26.1,93,0,1008.4,
2024-09-28T03:00,25.8,94,0,1008.4,
2024-09-28T04:00,25.6,94,0,1008.3,
2024-09-28T05:00,25.4,94,0,1008.9,
2024-09-28T06:00,25.3,95,0,1009.1,
2024-09-28T07:00,26.4,96,0,1010,
2024-09-28T08:00,28.3,88,0,1010.6,
2024-09-28T09:00,29.8,80,0,1010.7,
2024-09-28T10:00,31.6,73,0,1010,
2024-09-28T11:00,33,66,0,1008.9,
2024-09-28T12:00,34.2,61,0,1007.7,
2024-09-28T13:00,34.7,59,0,1007.1,
2024-09-28T14:00,33.8,63,0,1006.3,
2024-09-28T15:00,33,64,0,1005.6,
2024-09-28T16:00,32.2,68,0,1005.4,
2024-09-28T17:00,31,72,0,1005.5,
2024-09-28T18:00,29.7,81,0,1006.3,
2024-09-28T19:00,29.4,85,0,1006.8,
2024-09-28T20:00,29,88,0,1007.6,
2024-09-28T21:00,28.6,90,0,1007.8,
2024-09-28T22:00,28.3,91,0,1008.1,
2024-09-28T23:00,27.8,92,0,1007.9,
2024-09-29T00:00,27.4,92,0,1007.6,
2024-09-29T01:00,27.4,92,0,1007.4,
2024-09-29T02:00,27,94,0,1006.7,
2024-09-29T03:00,26.7,95,0,1006.7,
2024-09-29T04:00,26.5,96,0,1006.6,
2024-09-29T05:00,26.4,97,0,1006.9,
2024-09-29T06:00,26.3,98,0,1007.3,
2024-09-29T07:00,28,94,0,1007.6,
2024-09-29T08:00,29.9,86,0,1008.6,
2024-09-29T09:00,31.6,77,0,1008.7,
2024-09-29T10:00,33.1,69,0,1008.5,
2024-09-29T11:00,34.5,60,0,1007.5,
2024-09-29T12:00,35.7,53,0,1006.2,
2024-09-29T13:00,36.6,48,0,1005.3,
2024-09-29T14:00,35.1,56,0,1004.5,
2024-09-29T15:00,33.6,68,0,1003.9,
2024-09-29T16:00,32.2,69,0,1003.8,
2024-09-29T17:00,32.3,71,0,1003.8,
2024-09-29T18:00,31.2,78,0,1004.3,
2024-09-29T19:00,30.6,82,0,1005,
2024-09-29T20:00,30,86,0,1006,
2024-09-29T21:00,29.6,89,0,1007,
2024-09-29T22:00,29.3,90,0,1007,
2024-09-29T23:00,28.8,92,0,1006.7,
2024-09-30T00:00,28.2,93,0,1006,
2024-09-30T01:00,28,91,0,1006,
2024-09-30T02:00,27.4,91,0,1005.1,
2024-09-30T03:00,27,94,0,1004.8,
2024-09-30T04:00,26.7,95,0,1004.6,
2024-09-30T05:00,26.5,96,0,1005.1,
2024-09-30T06:00,26.3,97,0,1005.2,
2024-09-30T07:00,27.2,96,0,1005.9,
2024-09-30T08:00,28.7,90,0,1006.4,
2024-09-30T09:00,30.4,84,0,1006.8,
2024-09-30T10:00,31.8,77,0,1007,
2024-09-30T11:00,33,70,0,1006.2,
2024-09-30T12:00,33.9,64,0,1005,
2024-09-30T13:00,35.2,58,0,1003.7,
2024-09-30T14:00,33.9,66,0,1002.9,
2024-09-30T15:00,32.7,71,0,1002.9,
2024-09-30T16:00,30.5,75,0,1002.9,
2024-09-30T17:00,30.2,77,0,1002.9,
2024-09-30T18:00,29.7,78,0,1003.8,
2024-09-30T19:00,29,81,0,1004.3,
2024-09-30T20:00,28.3,84,0,1005.6,
2024-09-30T21:00,27.9,85,0,1006.3,
2024-09-30T22:00,27.6,86,0,1006.6,
2024-09-30T23:00,26.7,87,0,1006.9,
2024-10-01T00:00,25.8,85,0,1006.8,
2024-10-01T01:00,27.2,85,0,1005.1,
2024-10-01T02:00,26.7,87,0,1004.8,
2024-10-01T03:00,26.6,90,0,1004.9,
2024-10-01T04:00,26.5,92,0,1005,
2024-10-01T05:00,26.5,93,0,1005.9,
2024-10-01T06:00,26.4,93,0,1006.7,
2024-10-01T07:00,27.7,91,0,1007.1,
2024-10-01T08:00,28.3,88,0,1008.3,
2024-10-01T09:00,28.9,84,0,1008.9,
2024-10-01T10:00,29.3,83,0,1009.3,
2024-10-01T11:00,29.9,79,0,1008.9,
2024-10-01T12:00,30.9,74,0,1008.3,
2024-10-01T13:00,33.5,67,0,1006.5,
2024-10-01T14:00,32.3,70,0,1005.9,
2024-10-01T15:00,31.6,73,0,1005.5,
2024-10-01T16:00,30.7,76,0,1005.8,
2024-10-01T17:00,29.6,79,0,1006.6,
2024-10-01T18:00,28.5,85,0,1007.6,
2024-10-01T19:00,29,84,0,1007.7,
2024-10-01T20:00,28.7,86,0,1009.2,
2024-10-01T21:00,27.8,89,0,1010.3,
2024-10-01T22:00,27.2,91,0,1011.3,
2024-10-01T23:00,27.2,88,0.4,1011.1,
2024-10-02T00:00,26.9,86,0.3,1010.1,
2024-10-02T01:00,25.3,81,0,1011.1,
2024-10-02T02:00,24.8,81,0.1,1010.8,
2024-10-02T03:00,24.3,79,0.1,1011.6,
2024-10-02T04:00,23.6,79,0.3,1012.2,
2024-10-02T05:00,23.1,81,0,1012.9,
2024-10-02T06:00,23,81,0,1013.8,
2024-10-02T07:00,23.1,82,0,1014.8,
2024-10-02T08:00,23.1,81,0,1015.4,
2024-10-02T09:00,23.1,79,0,1015.9,
2024-10-02T10:00,23.3,78,0,1015.8,
2024-10-02T11:00,23.6,78,0,1015.5,
2024-10-02T12:00,23.8,78,0,1014.8,
2024-10-02T13:00,26,67,0,1013.7,
2024-10-02T14:00,26.3,64,0,1012.7,
2024-10-02T15:00,26.3,65,0,1012.1,
2024-10-02T16:00,26.2,67,0,1012.2,
2024-10-02T17:00,25.7,69,0,1012.3,
2024-10-02T18:00,25.1,72,0,1012.9,
2024-10-02T19:00,24.4,80,0,1013.3,
2024-10-02T20:00,24,82,0,1014.5,
2024-10-02T21:00,24,79,0,1015,
2024-10-02T22:00,23.9,78,0,1015.6,
2024-10-02T23:00,23.8,79,0,1015.4,
2024-10-03T00:00,23.7,79,0,1015,
2024-10-03T01:00,23.5,81,0,1014.2,
2024-10-03T02:00,23.6,81,0,1013.8,
2024-10-03T03:00,23.8,80,0,1013.7,
2024-10-03T04:00,23.8,81,0,1014,
2024-10-03T05:00,23.7,80,0,1014.3,
2024-10-03T06:00,23.6,74,0,1015.1,
2024-10-03T07:00,23.6,75,0,1016.2,
2024-10-03T08:00,24.2,71,0,1017,
2024-10-03T09:00,24.9,63,0,1017.3,
2024-10-03T10:00,25.5,60,0,1017.4,
2024-10-03T11:00,25.8,59,0,1016.7,
2024-10-03T12:00,25.7,59,0,1016.1,
2024-10-03T13:00,27.1,54,0,1014.8,
2024-10-03T14:00,27.2,56,0,1013.9,
2024-10-03T15:00,26.7,60,0,1012.7,
2024-10-03T16:00,26.7,64,0,1012.7,
2024-10-03T17:00,26.3,69,0,1012.7,
2024-10-03T18:00,25.6,75,0,1013.4,
2024-10-03T19:00,25.8,79,0,1013.5,
2024-10-03T20:00,25.9,76,0,1014.7,
2024-10-03T21:00,25.8,73,0,1014.9,
2024-10-03T22:00,25.4,74,0,1015.5,
2024-10-03T23:00,24.4,82,0,1015.4,
2024-10-04T00:00,23.8,86,0,1015.2,
2024-10-04T01:00,23.1,89,0,1014.7,
2024-10-04T02:00,22.8,90,0,1014.2,
2024-10-04T03:00,22.4,91,0,1014.1,
2024-10-04T04:00,22.3,91,0,1014.2,
2024-10-04T05:00,22.1,91,0,1014.8,
2024-10-04T06:00,22.1,90,0,1015.1,
2024-10-04T07:00,23.3,87,0,1016.4,
2024-10-04T08:00,24.6,81,0,1016.9,
2024-10-04T09:00,26.3,73,0,1017.1,
2024-10-04T10:00,27.3,68,0,1017,
2024-10-04T11:00,27.4,67,0,1016.2,
2024-10-04T12:00,27.8,65,0,1015.4,
2024-10-04T13:00,28.6,60,0,1014.4,
2024-10-04T14:00,28.5,61,0,1013.5,
2024-10-04T15:00,27.8,64,0,1012.7,
2024-10-04T16:00,27.8,62,0,1012.6,
2024-10-04T17:00,27.1,65,0,1012.6,
2024-10-04T18:00,26,72,0,1012.7,
2024-10-04T19:00,25.4,77,0,1013.6,
2024-10-04T20:00,24.9,79,0,1014.3,
2024-10-04T21:00,23.8,85,0,1015,
2024-10-04T22:00,22.9,90,0,1015.3,
2024-10-04T23:00,22.4,91,0,1015.4,
2024-10-05T00:00,22.2,90,0,1015,
2024-10-05T01:00,21.6,93,0,1014.6,
2024-10-05T02:00,21.7,91,0,1014,
2024-10-05T03:00,21.7,90,0,1013.7,
2024-10-05T04:00,21.7,89,0,1013.6,
2024-10-05T05:00,21.7,89,0,1013.8,
2024-10-05T06:00,21.6,89,0,1014.1,
2024-10-05T07:00,22.7,89,0,1015.4,
2024-10-05T08:00,24.6,79,0,1015.7,
2024-10-05T09:00,26.2,71,0,1016.3,
2024-10-05T10:00,27.2,66,0,1015.6,
2024-10-05T11:00,28.3,63,0,1015.2,
2024-10-05T12:00,29,60,0,1013.9,
2024-10-05T13:00,30,54,0,1013.1,
2024-10-05T14:00,29.9,55,0,1012,
2024-10-05T15:00,29.3,59,0,1011.4,
2024-10-05T16:00,28.5,64,0,1011.1,
2024-10-05T17:00,27.5,66,0,1011.4,
2024-10-05T18:00,26.2,69,0,1011.9,
2024-10-05T19:00,26.1,74,0,1013,
2024-10-05T20:00,25.7,75,0,1013.8,
2024-10-05T21:00,25.2,77,0,1014.4,
2024-10-05T22:00,24.1,82,0,1014.6,
2024-10-05T23:00,23.2,87,0,1014.7,
2024-10-06T00:00,22.6,90,0,1014.4,
2024-10-06T01:00,22.8,91,0,1013.7,
2024-10-06T02:00,22.6,90,0,1013.3,
2024-10-06T03:00,22.3,91,0,1012.9,
2024-10-06T04:00,21.9,93,0,1013.4,
2024-10-06T05:00,21.6,94,0,1013.7,
2024-10-06T06:00,21.6,94,0,1014.4,
2024-10-06T07:00,22.9,91,0,1015.3,
2024-10-06T08:00,25.1,78,0,1016.2,
2024-10-06T09:00,26.7,70,0,1016.4,
2024-10-06T10:00,27.8,64,0,1016.3,
2024-10-06T11:00,28.4,63,0,1015.5,
2024-10-06T12:00,29.1,62,0,1014.3,
2024-10-06T13:00,30.2,57,0,1013.4,
2024-10-06T14:00,30.6,52,0,1012.5,
2024-10-06T15:00,30.7,47,0,1012.2,
2024-10-06T16:00,29.8,48,0,1012.3,
2024-10-06T17:00,28.5,54,0,1012.6,
2024-10-06T18:00,27,65,0,1012.7,
2024-10-06T19:00,26.7,70,0,1013.6,
2024-10-06T20:00,25.8,74,0,1014.2,
2024-10-06T21:00,24.7,78,0,1014.7,
2024-10-06T22:00,24.2,81,0,1014.9,
2024-10-06T23:00,24.1,80,0,1015.1,
2024-10-07T00:00,23.9,79,0,1014.5,
2024-10-07T01:00,23.6,82,0,1014.5,
2024-10-07T02:00,23.6,81,0,1013.7,
2024-10-07T03:00,23.7,80,0,1013.8,
2024-10-07T04:00,23.8,79,0,1013.7,
2024-10-07T05:00,23.9,78,0,1014,
2024-10-07T06:00,24,79,0,1014.6,
2024-10-07T07:00,24.1,84,0,1016.2,
2024-10-07T08:00,25.1,79,0,1016.6,
2024-10-07T09:00,25.8,77,0,1017.2,
2024-10-07T10:00,26.3,77,0,1017.2,
2024-10-07T11:00,27.8,72,0,1016.3,
2024-10-07T12:00,28.1,70,0,1015.3,
2024-10-07T13:00,28.5,74,0,1014.4,
2024-10-07T14:00,29,72,0,1013.7,
2024-10-07T15:00,29.1,70,0,1013.3,
2024-10-07T16:00,28.4,70,0,1013.2,
2024-10-07T17:00,27.8,75,0,1013.4,
2024-10-07T18:00,27,80,0,1013.7,
2024-10-07T19:00,26.7,87,0,1014.3,
2024-10-07T20:00,26.4,88,0,1015.2,
2024-10-07T21:00,25.9,90,0,1015.8,
2024-10-07T22:00,25.6,91,0,1015.5,
2024-10-07T23:00,25.4,91,0,1015.3,
2024-10-08T00:00,25.2,91,0,1015,
2024-10-08T01:00,25.2,90,0,1014.5,
2024-10-08T02:00,24.8,89,0,1014.2,
2024-10-08T03:00,24.6,90,0,1014.2,
2024-10-08T04:00,24.5,90,0,1014.4,
2024-10-08T05:00,24.2,92,0,1014.6,
2024-10-08T06:00,24,94,0,1015,
2024-10-08T07:00,24.4,94,0,1015.8,
2024-10-08T08:00,25.1,92,0,1016.5,
2024-10-08T09:00,25.5,88,0,1016.9,
2024-10-08T10:00,26.1,88,0,1016.7,
2024-10-08T11:00,27.6,83,0,1015.9,
2024-10-08T12:00,27.6,79,0,1014.8,
2024-10-08T13:00,28.3,77,0,1013.9,
2024-10-08T14:00,28.2,76,0,1013,
2024-10-08T15:00,27.7,78,0,1012.6,
2024-10-08T16:00,27.4,79,0,1012.4,
2024-10-08T17:00,27.5,78,0,1012.4,
2024-10-08T18:00,27.1,79,0,1012.7,
2024-10-08T19:00,26.2,87,0,1013.1,
2024-10-08T20:00,25.7,90,0,1014.3,
2024-10-08T21:00,25.2,93,0,1015,
2024-10-08T22:00,24.8,96,0,1015.3,
2024-10-08T23:00,24.5,97,0,1015,
2024-10-09T00:00,24.4,97,0,1014.5,
2024-10-09T01:00,24.6,97,0,1014,
2024-10-09T02:00,24.6,96,0,1013.5,
2024-10-09T03:00,24.5,96,0,1013.4,
2024-10-09T04:00,24.5,94,0,1013.6,
2024-10-09T05:00,24.2,93,0,1013.7,
2024-10-09T06:00,24,94,0,1014.1,
2024-10-09T07:00,24.5,92,0,1014.6,
2024-10-09T08:00,25.4,90,0,1015.5,
2024-10-09T09:00,25.8,86,0,1016.2,
2024-10-09T10:00,26.3,84,0,1016,
2024-10-09T11:00,26.9,83,0,1015.1,
2024-10-09T12:00,27.3,80,0,1014,
2024-10-09T13:00,27.5,78,0,1013.2,
2024-10-09T14:00,28.1,73,0,1011.7,
2024-10-09T15:00,28.1,71,0,1011.5,
2024-10-09T16:00,27.8,72,0,1011.3,
2024-10-09T17:00,27.1,75,0,1011.5,
2024-10-09T18:00,26.3,77,0,1011.7,
2024-10-09T19:00,26.4,82,0,1012.2,
2024-10-09T20:00,26,85,0,1013,
2024-10-09T21:00,25.5,88,0,1013.5,
2024-10-09T22:00,24.7,93,0,1014,
2024-10-09T23:00,24.1,97,0,1014.1,
2024-10-10T00:00,23.6,98,0,1013.4,
2024-10-10T01:00,23.6,99,0,1013.3,
2024-10-10T02:00,23.4,98,0,1012.7,
2024-10-10T03:00,23.2,99,0,1012.6,
2024-10-10T04:00,22.9,99,0,1012.6,
2024-10-10T05:00,22.7,100,0,1012.9,
2024-10-10T06:00,22.7,99,0,1013.3,
2024-10-10T07:00,23.7,100,0,1014,
2024-10-10T08:00,25.3,92,0,1014.6,
2024-10-10T09:00,26.1,85,0,1015.3,
2024-10-10T10:00,26.5,82,0,1014.9,
2024-10-10T11:00,27.3,77,0,1014.1,
2024-10-10T12:00,27.8,76,0,1012.9,
2024-10-10T13:00,28.1,76,0,1012.7,
2024-10-10T14:00,28.2,74,0,1011.8,
2024-10-10T15:00,28.1,73,0,1011.5,
2024-10-10T16:00,27.6,75,0,1011.4,
2024-10-10T17:00,27,76,0,1011.2,
2024-10-10T18:00,26.1,79,0,1011.4,
2024-10-10T19:00,26,82,0,1012.2,
2024-10-10T20:00,25.4,84,0,1013,
2024-10-10T21:00,24.7,88,0,1013.7,
2024-10-10T22:00,23.9,94,0,1014.1,
2024-10-10T23:00,23.5,96,0,1013.8,
2024-10-11T00:00,23.4,96,0,1013.2,
2024-10-11T01:00,23.9,96,0,1012.8,
2024-10-11T02:00,23.8,95,0,1012.4,
2024-10-11T03:00,23.7,96,0,1012.1,
2024-10-11T04:00,23.6,97,0,1011.9,
2024-10-11T05:00,23.5,97,0,1012.2,
2024-10-11T06:00,23.5,97,0,1012.5,
2024-10-11T07:00,24.4,96,0,1013.7,
2024-10-11T08:00,25.7,89,0,1014.3,
2024-10-11T09:00,26.8,82,0,1014.7,
2024-10-11T10:00,28.1,74,0,1014.8,
2024-10-11T11:00,29.2,69,0,1013.6,
2024-10-11T12:00,29.8,66,0,1012.4,
2024-10-11T13:00,30.3,62,0,1012.1,
2024-10-11T14:00,30.1,63,0,1011.2,
2024-10-11T15:00,29,68,0,1010.6,
2024-10-11T16:00,28.2,71,0,1010.7,
2024-10-11T17:00,27.3,76,0,1010.7,
2024-10-11T18:00,26.4,83,0,1011.2,
2024-10-11T19:00,26.2,88,0,1012.2,
2024-10-11T20:00,25.9,90,0,1012.8,
2024-10-11T21:00,25.6,92,0,1013.5,
2024-10-11T22:00,25.2,94,0,1013.7,
2024-10-11T23:00,24.9,96,0,1013.8,
2024-10-12T00:00,24.9,96,0,1013.2,
2024-10-12T01:00,24.9,96,0,1013.1,
2024-10-12T02:00,24.8,97,0,1012.5,
2024-10-12T03:00,24.7,96,0,1012.9,
2024-10-12T04:00,24.5,96,0,1012.9,
2024-10-12T05:00,24.5,96,0,1013,
2024-10-12T06:00,24.4,96,0,1013.5,
2024-10-12T07:00,24.7,94,0,1014.6,
2024-10-12T08:00,25.7,91,0,1015.2,
2024-10-12T09:00,26.5,87,0,1015.7,
2024-10-12T10:00,27.1,86,0,1015.4,
2024-10-12T11:00,27.7,84,0,1014.8,
2024-10-12T12:00,28,82,0,1013.5,
2024-10-12T13:00,28.7,79,0,1013.7,
2024-10-12T14:00,28.3,80,0,1012.3,
2024-10-12T15:00,28.1,80,0,1012,
2024-10-12T16:00,27.9,80,0,1011.4,
2024-10-12T17:00,27.5,80,0,1011.6,
2024-10-12T18:00,27,84,0,1011.9,
2024-10-12T19:00,27.1,84,0,1012.9,
2024-10-12T20:00,26.4,89,0,1013.8,
2024-10-12T21:00,25.8,92,0,1014.1,
2024-10-12T22:00,25.4,95,0,1013.9,
2024-10-12T23:00,25.1,96,0,1013.5,
2024-10-13T00:00,25.1,96,0,1013.2,
2024-10-13T01:00,25.2,95,0,1013,
2024-10-13T02:00,25.1,96,0,1012.4,
2024-10-13T03:00,24.9,96,0,1012.4,
2024-10-13T04:00,24.8,97,0,1012.3,
2024-10-13T05:00,24.6,96,0,1012.7,
2024-10-13T06:00,24.4,96,0,1013.4,
2024-10-13T07:00,24.9,95,0,1014.2,
2024-10-13T08:00,26.1,90,0,1015.4,
2024-10-13T09:00,27,86,0,1015.4,
2024-10-13T10:00,27.6,84,0,1015.4,
2024-10-13T11:00,28.3,81,0,1014.1,
2024-10-13T12:00,28.7,79,0,1013,
2024-10-13T13:00,30.3,71,0,1012.5,
2024-10-13T14:00,30.2,71,0,1011,
2024-10-13T15:00,30.2,70,0,1010.5,
2024-10-13T16:00,29.5,72,0,1010.3,
2024-10-13T17:00,28.2,78,0,1010.5,
2024-10-13T18:00,27.2,83,0,1011,
2024-10-13T19:00,27.1,86,0,1011.8,
2024-10-13T20:00,26.7,88,0,1012.7,
2024-10-13T21:00,26.4,89,0,1013.2,
2024-10-13T22:00,25.7,92,0,1013.5,
2024-10-13T23:00,25.2,94,0,1013.2,
2024-10-14T00:00,25.1,94,0,1012.7,
2024-10-14T01:00,25.2,94,0,1012.3,
2024-10-14T02:00,25.1,94,0,1011.7,
2024-10-14T03:00,25,94,0,1011.3,
2024-10-14T04:00,24.8,94,0,1011.4,
2024-10-14T05:00,24.7,95,0,1011.6,
2024-10-14T06:00,24.6,95,0,1012.3,
2024-10-14T07:00,25.6,94,0,1012.6,
2024-10-14T08:00,26.9,87,0,1013.1,
2024-10-14T09:00,27.7,82,0,1013.3,
2024-10-14T10:00,28.6,77,0,1013,
2024-10-14T11:00,30,70,0,1012.3,
2024-10-14T12:00,30.6,66,0,1011.3,
2024-10-14T13:00,31.6,63,0,1011.2,
2024-10-14T14:00,31.1,66,0,1010,
2024-10-14T15:00,30.7,68,0,1009.4,
2024-10-14T16:00,29.7,73,0,1008.9,
2024-10-14T17:00,28.5,79,0,1009.1,
2024-10-14T18:00,27.5,83,0,1010,
2024-10-14T19:00,27.5,86,0,1011,
2024-10-14T20:00,27.2,88,0,1012.2,
2024-10-14T21:00,26.8,90,0,1012.5,
2024-10-14T22:00,26.5,92,0,1012.7,
2024-10-14T23:00,26.2,93,0,1012.4,
2024-10-15T00:00,26.1,94,0,1011.6,
2024-10-15T01:00,26,94,0,1011.3,
2024-10-15T02:00,25.7,96,0,1010.4,
2024-10-15T03:00,25.6,96,0,1010.3,
2024-10-15T04:00,25.5,96,0,1010.3,
2024-10-15T05:00,25.4,96,0,1010.8,
2024-10-15T06:00,25.4,96,0,1011.4,
2024-10-15T07:00,26.1,93,0,1011.9,
2024-10-15T08:00,26.8,89,0,1012.6,
2024-10-15T09:00,27.1,86,0,1013,
2024-10-15T10:00,28.2,82,0,1013.4,
2024-10-15T11:00,29.3,79,0,1012.8,
2024-10-15T12:00,29.2,78,0,1011.9,
2024-10-15T13:00,31.2,70,0,1010.7,
2024-10-15T14:00,30.5,72,0,1009.9,
2024-10-15T15:00,29.6,77,0,1009.4,
2024-10-15T16:00,28.8,79,0,1009.6,
2024-10-15T17:00,28,81,0,1010,
2024-10-15T18:00,27,86,0,1011,
2024-10-15T19:00,27,90,0,1011.2,
2024-10-15T20:00,26.5,91,0,1012.4,
2024-10-15T21:00,26.3,91,0,1012.8,
2024-10-15T22:00,25.8,92,0,1013.4,
2024-10-15T23:00,25.4,92,0,1013.1,
2024-10-16T00:00,25.2,92,0,1012.9,
2024-10-16T01:00,25.1,95,0,1012.4,
2024-10-16T02:00,24.9,95,0,1011.9,
2024-10-16T03:00,24.7,95,0,1011.8,
2024-10-16T04:00,24.6,96,0,1012,
2024-10-16T05:00,24.5,96,0,1012.4,
2024-10-16T06:00,24.5,96,0,1013.1,
2024-10-16T07:00,24.7,95,0,1013.5,
2024-10-16T08:00,25.1,93,0,1014.4,
2024-10-16T09:00,25.3,92,0,1014.5,
2024-10-16T10:00,26.2,88,0,1014.6,
2024-10-16T11:00,27.3,83,0,1013.8,
2024-10-16T12:00,28.1,81,0,1012.9,
2024-10-16T13:00,29.2,78,0,1011.8,
2024-10-16T14:00,29.1,77,0,1010.5,
2024-10-16T15:00,28.3,80,0,1010.2,
2024-10-16T16:00,27.3,83,0,1010.1,
2024-10-16T17:00,26.8,85,0,1010.6,
2024-10-16T18:00,26.2,89,0,1011.5,
2024-10-16T19:00,26.2,91,0,1011.6,
2024-10-16T20:00,26,92,0,1012.7,
2024-10-16T21:00,25.9,92,0,1013.1,
2024-10-16T22:00,25.6,93,0,1013.2,
2024-10-16T23:00,25.3,93,0,1013,
2024-10-17T00:00,25.1,94,0,1012.7,
2024-10-17T01:00,25,94,0,1012.3,
2024-10-17T02:00,24.8,95,0,1011.4,
2024-10-17T03:00,24.7,95,0,1011,
2024-10-17T04:00,24.7,96,0,1011.5,
2024-10-17T05:00,24.6,96,0,1011.9,
2024-10-17T06:00,24.5,96,0,1012.3,
2024-10-17T07:00,25.2,94,0,1012.9,
2024-10-17T08:00,26.2,90,0,1013.3,
2024-10-17T09:00,27.1,89,0,1013.7,
2024-10-17T10:00,27.8,85,0,1013.6,
2024-10-17T11:00,28.5,83,0,1012.8,
2024-10-17T12:00,29.1,80,0,1011.8,
2024-10-17T13:00,30.7,73,0,1010.8,
2024-10-17T14:00,30.1,74,0,1009.7,
2024-10-17T15:00,29.5,75,0,1008.8,
2024-10-17T16:00,29,77,0,1008.7,
2024-10-17T17:00,28.3,80,0,1009.2,
2024-10-17T18:00,27.4,85,0,1009.8,
2024-10-17T19:00,27.2,88,0,1010.2,
2024-10-17T20:00,26.7,91,0,1010.8,
2024-10-17T21:00,26.5,92,0,1011.7,
2024-10-17T22:00,26.2,93,0,1011.6,
2024-10-17T23:00,25.9,95,0,1011.6,
2024-10-18T00:00,25.6,96,0,1010.9,
2024-10-18T01:00,25.4,98,0,1011.1,
2024-10-18T02:00,25.1,99,0,1009.9,
2024-10-18T03:00,25,99,0,1009.9,
2024-10-18T04:00,25,99,0,1009.8,
2024-10-18T05:00,25.1,99,0,1010.4,
2024-10-18T06:00,25.1,99,0,1011.2,
2024-10-18T07:00,25.7,97,0,1011.4,
2024-10-18T08:00,26.9,92,0,1012.3,
2024-10-18T09:00,28.3,84,0,1012.6,
2024-10-18T10:00,29.2,79,0,1012.8,
2024-10-18T11:00,30.1,75,0,1012,
2024-10-18T12:00,30.7,72,0,1011.1,
2024-10-18T13:00,31.3,69,0,1010.2,
2024-10-18T14:00,30.4,72,0,1008.9,
2024-10-18T15:00,30.4,71,0,1008.4,
2024-10-18T16:00,29.6,74,0,1008.2,
2024-10-18T17:00,28.7,78,0,1009.2,
2024-10-18T18:00,27.7,83,0,1010.1,
2024-10-18T19:00,27.6,87,0,1010.8,
2024-10-18T20:00,27.1,90,0,1011.5,
2024-10-18T21:00,26.9,91,0,1012.2,
2024-10-18T22:00,26.6,92,0,1012.2,
2024-10-18T23:00,26.3,93,0,1012,
2024-10-19T00:00,26.2,94,0,1011.9,
2024-10-19T01:00,26.2,94,0,1011.4,
2024-10-19T02:00,25.9,95,0,1011.1,
2024-10-19T03:00,25.7,96,0,1011,
2024-10-19T04:00,25.5,97,0,1011.1,
2024-10-19T05:00,25.3,97,0,1011.7,
2024-10-19T06:00,25.3,97,0,1012.5,
2024-10-19T07:00,26,96,0,1012.9,
2024-10-19T08:00,27,92,0,1013.7,
2024-10-19T09:00,27.9,88,0,1014.2,
2024-10-19T10:00,28.7,83,0,1014.2,
2024-10-19T11:00,28.9,81,0,1013.6,
2024-10-19T12:00,28.6,82,0,1012.8,
2024-10-19T13:00,29.9,78,0,1012.1,
2024-10-19T14:00,29.9,77,0,1011.1,
2024-10-19T15:00,29.1,80,0,1010.9,
2024-10-19T16:00,28.4,80,0,1010.5,
2024-10-19T17:00,27.8,82,0,1011.2,
2024-10-19T18:00,26.8,87,0,1011.9,
2024-10-19T19:00,26.8,91,0,1012.6,
2024-10-19T20:00,26.1,92,0,1013.6,
2024-10-19T21:00,25.8,93,0,1014.1,
2024-10-19T22:00,25.3,93,0,1014.2,
2024-10-19T23:00,25.1,93,0,1014.2,
2024-10-20T00:00,25,93,0,1013.9,
2024-10-20T01:00,25.2,94,0,1013.5,
2024-10-20T02:00,25,95,0,1013.1,
2024-10-20T03:00,24.8,95,0,1013.2,
2024-10-20T04:00,24.6,95,0,1013.3,
2024-10-20T05:00,24.6,95,0,1013.7,
2024-10-20T06:00,24.6,94,0,1014.4,
2024-10-20T07:00,25,93,0,1015,
2024-10-20T08:00,25,92,0,1015.6,
2024-10-20T09:00,25.4,92,0,1016.4,
2024-10-20T10:00,26,90,0,1016.4,
2024-10-20T11:00,26.5,89,0,1015.6,
2024-10-20T12:00,27.8,86,0,1014.7,
2024-10-20T13:00,28.7,81,0,1013.9,
2024-10-20T14:00,28.4,81,0,1013,
2024-10-20T15:00,27.7,83,0,1012.5,
2024-10-20T16:00,27.3,84,0,1012.5,
2024-10-20T17:00,26.9,86,0,1013,
2024-10-20T18:00,26.3,88,0,1013.4,
2024-10-20T19:00,26.2,90,0,1013.8,
2024-10-20T20:00,25.7,91,0,1014.3,
2024-10-20T21:00,25.3,92,0,1014.7,
2024-10-20T22:00,25.1,92,0,1015.2,
2024-10-20T23:00,25,92,0,1015.1,
2024-10-21T00:00,24.9,93,0,1015,
2024-10-21T01:00,25,93,0,1013.8,
2024-10-21T02:00,24.9,94,0,1013.1,
2024-10-21T03:00,24.9,94,0,1012.8,
2024-10-21T04:00,24.8,94,0,1012.8,
2024-10-21T05:00,24.8,94,0,1013.2,
2024-10-21T06:00,24.7,95,0.1,1013.7,
2024-10-21T07:00,24.9,95,0,1014.1,
2024-10-21T08:00,25.1,95,0,1015.1,
2024-10-21T09:00,25.4,94,0,1015.5,
2024-10-21T10:00,25.6,93,0,1015.7,
2024-10-21T11:00,25.8,92,0,1015,
2024-10-21T12:00,26,92,0,1014.1,
2024-10-21T13:00,25.8,93,0,1013.5,
2024-10-21T14:00,25.5,94,0,1012.1,
2024-10-21T15:00,25.7,93,0,1011.5,
2024-10-21T16:00,25.7,94,0,1011.1,
2024-10-21T17:00,25.5,94,0,1011.7,
2024-10-21T18:00,25.2,94,0,1012.3,
2024-10-21T19:00,25.2,93,0,1012.8,
2024-10-21T20:00,24.9,94,0,1013.4,
2024-10-21T21:00,24.8,94,0,1013.7,
2024-10-21T22:00,24.6,94,0,1014.2,
2024-10-21T23:00,24.5,94,0,1014.4,
2024-10-22T00:00,24.4,94,0,1014.3,
2024-10-22T01:00,24.5,96,0,1013.7,
2024-10-22T02:00,24.3,97,0,1013,
2024-10-22T03:00,24.2,97,0,1012.8,
2024-10-22T04:00,24.2,96,0,1012.6,
2024-10-22T05:00,24.2,96,0,1012.9,
2024-10-22T06:00,24,95,0,1013.2,
2024-10-22T07:00,24.3,96,0,1014.4,
2024-10-22T08:00,24.6,95,0,1014.8,
2024-10-22T09:00,25.2,94,0,1015.4,
2024-10-22T10:00,26.2,92,0,1014.9,
2024-10-22T11:00,27.1,89,0,1014.4,
2024-10-22T12:00,27.6,85,0,1013.9,
2024-10-22T13:00,27.9,84,0,1013.4,
2024-10-22T14:00,27.7,85,0,1012.5,
2024-10-22T15:00,27.4,85,0,1012,
2024-10-22T16:00,26.8,86,0,1011.9,
2024-10-22T17:00,25.9,88,0,1012.2,
2024-10-22T18:00,25.5,90,0,1012.6,
2024-10-22T19:00,25.9,91,0,1013.3,
2024-10-22T20:00,25.3,93,0,1014.4,
2024-10-22T21:00,24.8,93,0,1014.7,
2024-10-22T22:00,24.3,94,0,1014.9,
2024-10-22T23:00,24.2,93,0,1014.5,
2024-10-23T00:00,24.1,92,0,1014.1,
2024-10-23T01:00,24.8,93,0,1013.1,
2024-10-23T02:00,24.6,94,0,1013.1,
2024-10-23T03:00,24.5,94,0,1013,
2024-10-23T04:00,24.2,94,0,1013.4,
2024-10-23T05:00,24.3,92,0,1013.9,
2024-10-23T06:00,24.2,94,0,1014.5,
2024-10-23T07:00,25.3,93,0,1014.7,
2024-10-23T08:00,25.6,91,0,1015.5,
2024-10-23T09:00,25.9,88,0,1016.4,
2024-10-23T10:00,26.9,82,0,1016.4,
2024-10-23T11:00,26.6,81,0,1015.5,
2024-10-23T12:00,26.7,81,0,1014.7,
2024-10-23T13:00,27.4,76,0,1013.6,
2024-10-23T14:00,26.9,77,0,1012.9,
2024-10-23T15:00,26.2,81,0,1012.8,
2024-10-23T16:00,25.9,81,0,1012.7,
2024-10-23T17:00,25.5,83,0,1012.8,
2024-10-23T18:00,25.4,82,0,1013.3,
2024-10-23T19:00,25.3,86,0,1013.7,
2024-10-23T20:00,25.6,83,0,1014.5,
2024-10-23T21:00,25,86,0,1014.6,
2024-10-23T22:00,24.5,89,0,1014.7,
2024-10-23T23:00,24.3,90,0,1014.4,
2024-10-24T00:00,24,91,0,1014.2,
2024-10-24T01:00,24,93,0,1013.6,
2024-10-24T02:00,23.9,93,0,1013.4,
2024-10-24T03:00,23.9,91,0,1012.9,
2024-10-24T04:00,23.9,90,0,1012.9,
2024-10-24T05:00,23.6,93,0,1013.2,
2024-10-24T06:00,23.5,94,0,1013.6,
2024-10-24T07:00,24.1,93,0,1014,
2024-10-24T08:00,25.2,87,0,1014.7,
2024-10-24T09:00,26,75,0,1014.8,
2024-10-24T10:00,26.7,69,0,1014.5,
2024-10-24T11:00,27.5,62,0,1013.2,
2024-10-24T12:00,28.1,53,0,1012,
2024-10-24T13:00,28.8,49,0,1011,
2024-10-24T14:00,28.8,51,0,1010.2,
2024-10-24T15:00,28.5,51,0,1009.8,
2024-10-24T16:00,27.9,51,0,1009.4,
2024-10-24T17:00,26.5,60,0,1009.9,
2024-10-24T18:00,25.5,64,0,1010.2,
2024-10-24T19:00,24.9,66,0,1010.8,
2024-10-24T20:00,24.1,70,0,1011.6,
2024-10-24T21:00,23.5,71,0,1012,
2024-10-24T22:00,23,71,0,1012.2,
2024-10-24T23:00,22.7,70,0,1012.2,
2024-10-25T00:00,22.5,68,0,1011.9,
2024-10-25T01:00,21.2,70,0,1010.9,
2024-10-25T02:00,20.9,67,0,1010.2,
2024-10-25T03:00,20.4,68,0,1010.1,
2024-10-25T04:00,20,69,0,1010,
2024-10-25T05:00,19.7,70,0,1010.6,
2024-10-25T06:00,19.3,72,0,1010.8,
2024-10-25T07:00,20.1,74,0,1011.1,
2024-10-25T08:00,22.7,73,0,1011.8,
2024-10-25T09:00,24.7,69,0,1012.5,
2024-10-25T10:00,26.2,66,0,1012.4,
2024-10-25T11:00,27.3,58,0,1010.9,
2024-10-25T12:00,27.8,56,0,1009.9,
2024-10-25T13:00,28.9,50,0,1008.8,
2024-10-25T14:00,29,45,0,1007.9,
2024-10-25T15:00,28.7,46,0,1007.2,
2024-10-25T16:00,27.9,51,0,1007.1,
2024-10-25T17:00,26.3,63,0,1007.3,
2024-10-25T18:00,24.9,65,0,1008.3,
2024-10-25T19:00,24.4,64,0,1008.9,
2024-10-25T20:00,23.5,66,0,1009.4,
2024-10-25T21:00,22.8,68,0,1009.7,
2024-10-25T22:00,22.4,68,0,1009.8,
2024-10-25T23:00,21.9,70,0,1009.8,
2024-10-26T00:00,21.4,71,0,1009.6,
2024-10-26T01:00,21.1,74,0,1008.9,
2024-10-26T02:00,21,70,0,1008.4,
2024-10-26T03:00,20.1,73,0,1008.1,
2024-10-26T04:00,19.2,79,0,1008.4,
2024-10-26T05:00,18.7,82,0,1008.6,
2024-10-26T06:00,18.5,81,0,1009.2,
2024-10-26T07:00,19.8,84,0,1009.6,
2024-10-26T08:00,23.5,75,0,1009.6,
2024-10-26T09:00,25.6,69,0,1009.8,
2024-10-26T10:00,27.1,62,0,1009.5,
2024-10-26T11:00,27.9,52,0,1008.7,
2024-10-26T12:00,28.4,49,0,1008.3,
2024-10-26T13:00,28.8,47,0,1006.5,
2024-10-26T14:00,28.1,50,0,1005.6,
2024-10-26T15:00,27,57,0,1005,
2024-10-26T16:00,26.3,64,0,1005.1,
2024-10-26T17:00,25.6,68,0,1005.4,
2024-10-26T18:00,24.8,70,0,1006.4,
2024-10-26T19:00,25.4,69,0,1005.4,
2024-10-26T20:00,25.1,70,0,1006.3,
2024-10-26T21:00,24.5,73,0.4,1006.6,
2024-10-26T22:00,22.8,85,0.5,1007.6,
2024-10-26T23:00,22.3,88,0.4,1007.3,
2024-10-27T00:00,21.9,90,0.5,1007.3,
2024-10-27T01:00,23.4,81,0.5,1006,
2024-10-27T02:00,22.6,81,0,1005.9,
2024-10-27T03:00,21.5,87,4.2,1005.7,
2024-10-27T04:00,20.9,90,4.2,1006.3,
2024-10-27T05:00,20.4,91,8.2,1006.3,
2024-10-27T06:00,20.3,92,2,1006.7,
2024-10-27T07:00,20.7,92,0.6,1007.3,
2024-10-27T08:00,21.1,88,0,1007.4,
2024-10-27T09:00,21.1,85,0.3,1008.1,
2024-10-27T10:00,20.9,85,0.5,1007.8,
2024-10-27T11:00,20.5,90,2.6,1007,
2024-10-27T12:00,20.2,90,4,1006.3,
2024-10-27T13:00,20.3,90,2.8,1005.9,
2024-10-27T14:00,19.8,91,4.9,1005.6,
2024-10-27T15:00,19.6,92,3.7,1005.5,
2024-10-27T16:00,19.3,92,6.3,1006.1,
2024-10-27T17:00,19.3,92,5,1006.6,
2024-10-27T18:00,20,85,0.3,1007.2,
2024-10-27T19:00,20,90,1.7,1007.3,
2024-10-27T20:00,19.8,91,0.7,1008.5,
2024-10-27T21:00,19.9,91,0.9,1008.9,
2024-10-27T22:00,20,91,0.2,1009.2,
2024-10-27T23:00,20.3,90,0,1009,
2024-10-28T00:00,20.2,90,0,1008.6,
2024-10-28T01:00,20.2,91,0,1007.7,
2024-10-28T02:00,20.1,92,0.1,1007.5,
2024-10-28T03:00,19.9,94,0.7,1007.1,
2024-10-28T04:00,19.8,94,0.4,1007.2,
2024-10-28T05:00,20,93,0.3,1007.4,
2024-10-28T06:00,19.9,94,1.4,1008.6,
2024-10-28T07:00,20.3,92,0.2,1008.8,
2024-10-28T08:00,20.4,91,0.1,1010,
2024-10-28T09:00,20.4,91,0.7,1010.5,
2024-10-28T10:00,20.5,89,0.3,1010.3,
2024-10-28T11:00,20.6,87,0,1009.9,
2024-10-28T12:00,20.5,87,0,1009.3,
2024-10-28T13:00,21,85,0,1008.8,
2024-10-28T14:00,20.7,85,0,1008.1,
2024-10-28T15:00,20.5,85,0,1008.4,
2024-10-28T16:00,20.1,89,0.5,1008.3,
2024-10-28T17:00,19.8,91,0.6,1009.3,
2024-10-28T18:00,19.9,90,0,1009.8,
2024-10-28T19:00,20.7,90,0,1010.1,
2024-10-28T20:00,20.8,90,0,1010.8,
2024-10-28T21:00,21,90,0,1011.2,
2024-10-28T22:00,21,89,0,1010.9,
2024-10-28T23:00,21,88,0,1010.5,
2024-10-29T00:00,21.1,86,0,1009.7,
2024-10-29T01:00,21.1,89,0,1009.6,
2024-10-29T02:00,21.1,88,0,1009.1,
2024-10-29T03:00,21.1,89,0,1009.3,
2024-10-29T04:00,21.1,89,0,1009.5,
2024-10-29T05:00,21.1,88,0,1009.8,
2024-10-29T06:00,21.1,87,0,1010.4,
2024-10-29T07:00,20.9,92,0,1010.9,
2024-10-29T08:00,20.8,91,0.1,1011.8,
2024-10-29T09:00,20.8,92,0,1012,
2024-10-29T10:00,20.5,94,0.5,1012,
2024-10-29T11:00,20.4,95,0.8,1011.2,
2024-10-29T12:00,20.5,94,0.1,1010.6,
2024-10-29T13:00,21.5,92,0,1010,
2024-10-29T14:00,21.6,90,0,1009.5,
2024-10-29T15:00,21.7,89,0,1009.1,
2024-10-29T16:00,21.7,90,0,1009.1,
2024-10-29T17:00,21.7,88,0,1009.1,
2024-10-29T18:00,21.6,88,0,1009.9,
2024-10-29T19:00,22.1,90,0,1010.2,
2024-10-29T20:00,22,89,0,1011.3,
2024-10-29T21:00,22,90,0,1011.4,
2024-10-29T22:00,22.1,88,0,1011.2,
2024-10-29T23:00,22.1,88,0.4,1010.9,
2024-10-30T00:00,22,89,0.4,1010.4,
2024-10-30T01:00,22.2,91,0.1,1010.3,
2024-10-30T02:00,21.9,92,0.6,1009.7,
2024-10-30T03:00,22,91,0.6,1009.9,
2024-10-30T04:00,22.1,90,0.1,1010.1,
2024-10-30T05:00,22.1,90,0,1010.8,
2024-10-30T06:00,21.9,92,0.9,1011,
2024-10-30T07:00,22.2,93,0.6,1011.9,
2024-10-30T08:00,22.2,94,0.9,1012.6,
2024-10-30T09:00,22.5,94,1.6,1013.6,
2024-10-30T10:00,22.7,93,0.6,1013.7,
2024-10-30T11:00,22.7,93,0.7,1013.1,
2024-10-30T12:00,22.8,94,0.6,1012.5,
2024-10-30T13:00,24.1,91,0.7,1012.1,
2024-10-30T14:00,24.2,90,0.1,1011.2,
2024-10-30T15:00,24.2,91,0.3,1010.8,
2024-10-30T16:00,24,91,0.4,1010.6,
2024-10-30T17:00,23.7,92,0.2,1010.8,
2024-10-30T18:00,23.2,91,0.1,1011,
2024-10-30T19:00,23.9,88,0,1011.2,
2024-10-30T20:00,23.6,88,0,1011.9,
2024-10-30T21:00,23.5,88,0,1012.5,
2024-10-30T22:00,23.3,88,0,1012.6,
2024-10-30T23:00,23,89,0,1012.4,
2024-10-31T00:00,22.6,91,0,1011.7,
2024-10-31T01:00,22.4,92,0,1011.4,
2024-10-31T02:00,22.1,94,0,1010.9,
2024-10-31T03:00,21.9,95,0,1010.4,
2024-10-31T04:00,21.7,95,0,1010.4,
2024-10-31T05:00,21.4,96,0,1010.2,
2024-10-31T06:00,21.4,95,0,1010.9,
2024-10-31T07:00,22.4,92,0,1011.3,
2024-10-31T08:00,23.7,89,0,1012.2,
2024-10-31T09:00,24.8,85,0,1012.8,
2024-10-31T10:00,25.6,85,0,1012.7,
2024-10-31T11:00,26.7,81,0,1011.6,
2024-10-31T12:00,27.7,78,0,1010.6,
2024-10-31T13:00,28.9,65,0,1009.8,
2024-10-31T14:00,29.3,62,0,1008.4,
2024-10-31T15:00,29.2,64,0,1008.1,
2024-10-31T16:00,28.5,68,0,1007.5,
2024-10-31T17:00,27.1,74,0,1008.1,
2024-10-31T18:00,25.6,80,0,1008.5,
2024-10-31T19:00,25.1,84,0,1009.4,
2024-10-31T20:00,24.3,87,0,1009.9,
2024-10-31T21:00,23.9,88,0,1010.4,
2024-10-31T22:00,23.7,88,0,1010.4,
2024-10-31T23:00,23.5,89,0,1010.3,
2024-11-01T00:00,23.3,89,0,1009.8,
2024-11-01T01:00,23.3,93,0,1009.8,
2024-11-01T02:00,23.3,93,0,1009.3,
2024-11-01T03:00,23.2,94,0,1009.5,
2024-11-01T04:00,23,94,0,1009.4,
2024-11-01T05:00,22.8,95,0,1009.8,
2024-11-01T06:00,22.6,96,0,1010.4,
2024-11-01T07:00,23.4,96,0,1011.6,
2024-11-01T08:00,25.6,90,0,1012.6,
2024-11-01T09:00,27.2,84,0,1013.4,
2024-11-01T10:00,28.4,78,0,1013.7,
2024-11-01T11:00,29,71,0,1013,
2024-11-01T12:00,28.4,75,0,1012.7,
2024-11-01T13:00,29.6,69,0,1011.1,
2024-11-01T14:00,29.3,70,0,1010.7,
2024-11-01T15:00,28.9,71,0,1010.3,
2024-11-01T16:00,28.3,72,0,1010.6,
2024-11-01T17:00,27.1,79,0,1011,
2024-11-01T18:00,25.9,85,0,1012.2,
2024-11-01T19:00,25.7,87,0,1012.3,
2024-11-01T20:00,25.2,86,0,1013.7,
2024-11-01T21:00,24.7,82,0,1014.4,
2024-11-01T22:00,24.2,81,0,1014.9,
2024-11-01T23:00,23.7,82,0,1014.9,
2024-11-02T00:00,23.2,84,0,1014.5,
2024-11-02T01:00,22.9,90,0,1014.6,
2024-11-02T02:00,22.7,91,0,1014.1,
2024-11-02T03:00,22,95,0,1014.5,
2024-11-02T04:00,21.8,95,0,1014.6,
2024-11-02T05:00,21.6,94,0,1015.1,
2024-11-02T06:00,21.4,93,0,1015.7,
2024-11-02T07:00,21.8,100,0,1017.2,
2024-11-02T08:00,23.7,96,0,1017.6,
2024-11-02T09:00,25.7,84,0,1018.2,
2024-11-02T10:00,26.5,67,0,1017.8,
2024-11-02T11:00,27,65,0,1016.9,
2024-11-02T12:00,26.7,66,0,1016.2,
2024-11-02T13:00,27.6,62,0,1015.7,
2024-11-02T14:00,27.4,63,0,1015.4,
2024-11-02T15:00,26.7,65,0,1015,
2024-11-02T16:00,26,67,0,1015.1,
2024-11-02T17:00,24.8,69,0,1015.2,
2024-11-02T18:00,24,73,0,1015.9,
2024-11-02T19:00,23.9,77,0,1016.4,
2024-11-02T20:00,23.4,78,0,1017.3,
2024-11-02T21:00,22.9,81,0,1017.4,
2024-11-02T22:00,22.2,85,0,1017.4,
2024-11-02T23:00,21.5,90,0,1017.3,
2024-11-03T00:00,21.3,93,0,1017,
2024-11-03T01:00,21.6,94,0,1017.2,
2024-11-03T02:00,21.7,93,0,1016.8,
2024-11-03T03:00,21.8,91,0,1016.7,
2024-11-03T04:00,21.8,89,0,1016.4,
2024-11-03T05:00,21.6,87,0,1016.2,
2024-11-03T06:00,21.4,87,0,1016.5,
2024-11-03T07:00,21.9,90,0,1017.1,
2024-11-03T08:00,23.1,86,0,1017.7,
2024-11-03T09:00,24.2,83,0,1018.3,
2024-11-03T10:00,24.7,80,0,1017.8,
2024-11-03T11:00,24.5,81,0,1017.1,
2024-11-03T12:00,24.5,82,0,1016.3,
2024-11-03T13:00,24.5,83,0,1016.1,
2024-11-03T14:00,25.5,76,0,1015.3,
2024-11-03T15:00,25.6,71,0,1014.9,
2024-11-03T16:00,25.3,73,0,1014.8,
2024-11-03T17:00,24.5,78,0,1015,
2024-11-03T18:00,23.6,82,0,1015.5,
2024-11-03T19:00,23.6,82,0,1015.3,
2024-11-03T20:00,23.4,82,0,1016.2,
2024-11-03T21:00,23.4,82,0,1016.1,
2024-11-03T22:00,23.3,81,0,1016.2,
2024-11-03T23:00,23.2,81,0,1015.8,
2024-11-04T00:00,22.7,86,0.2,1015.4,
2024-11-04T01:00,22.1,92,0.6,1015.5,
2024-11-04T02:00,21.8,93,2.5,1014.8,
2024-11-04T03:00,21.6,96,3.3,1014.7,
2024-11-04T04:00,21.5,95,1.3,1014.5,
2024-11-04T05:00,21.6,94,0.2,1014.2,
2024-11-04T06:00,21.4,95,2.7,1014.6,
2024-11-04T07:00,21.1,97,2.9,1016.2,
2024-11-04T08:00,21.6,94,0.1,1016.5,
2024-11-04T09:00,21.7,94,0.4,1017.1,
2024-11-04T10:00,21.8,95,5.1,1016.9,
2024-11-04T11:00,22,96,9.8,1016.7,
2024-11-04T12:00,21.7,96,1.5,1015.8,
2024-11-04T13:00,22.4,94,2,1015.4,
2024-11-04T14:00,22.2,95,3.2,1014.6,
2024-11-04T15:00,22,96,5,1014.3,
2024-11-04T16:00,21.9,97,4.9,1014.4,
2024-11-04T17:00,21.9,97,5.4,1014.7,
2024-11-04T18:00,21.9,97,2.2,1015.3,
2024-11-04T19:00,21.9,97,1,1016.1,
2024-11-04T20:00,21.8,97,0.4,1017,
2024-11-04T21:00,21.6,96,0,1017.6,
2024-11-04T22:00,21.4,95,0,1017.5,
2024-11-04T23:00,21.2,96,1.1,1017.2,
